title,year,genre,users_rating,votes,languages,directors,runtime
#FriendButMarried 2,2020,Biography,6.5,120,Indonesian,Rako Prijanto,100 min
4 Mantan,2020,Thriller,6.4,8,Indonesian,Hanny Saputra,80 min
Aku Tahu Kapan Kamu Mati,2020,Horror,5.4,17,Indonesian,Hadrah Daeng Ratu,92 min
Anak Garuda,2020,Adventure,9.1,27,Indonesian,Faozan Rizal,129 min
Dignitate,2020,Drama,7.6,33,Indonesian,Fajar Nugros,109 min
Guru-Guru Gokil,2020,Comedy,6.1,153,Indonesian,Sammaria Simanjuntak,101 min
Hunter in the Blue Side of Manchester,2020,Biography,6.2,21,English,Rako Prijanto,90 min
Janin,2020,Horror,6.1,7,Indonesian,Ook Budiyono,85 min
Mangkujiwo,2020,Horror,5.9,67,Indonesian,Azhar Kinoi Lubis,109 min
Mariposa,2020,Drama,8.5,54,Indonesian,Fajar Bustomi,117 min
May the Devil Take You: Chapter Two,2020,Horror,6.3,150,Indonesian,Timo Tjahjanto,110 min
Milea,2020,Drama,6.1,239,Indonesian,Pidi Baiq,102 min
Nanti Kita Cerita Tentang Hari Ini,2020,Drama,7.5,678,Indonesian,Angga Dwimas Sasongko,121 min
Nikah Yuk,2020,Drama,6.9,15,Indonesian,Adhe Dharmastriya,94 min
Rasuk 2,2020,Horror,6.4,9,Indonesian,Rizal Mantovani,95 min
Si Doel the Movie 3,2020,Drama,7.2,82,Indonesian,Rano Karno,93 min
Surat dari Kematian,2020,Horror,6.2,5,Indonesian,Hestu Saputra,86 min
Temen Kondangan,2020,Comedy,6,11,Indonesian,Iip Sariful Hanan,86 min
Titus: Mystery of the Enygma,2020,Animation,6.2,10,Indonesian,Dineshkumar Subashchandra,95 min
Toko Barang Mantan,2020,Comedy,6.3,71,Indonesian,Viva Westi,98 min
#Malam Jumat: The Movie,2019,Horror,5.3,47,Indonesian,Hadrah Daeng Ratu,91 min
#MoveOnAja,2019,Comedy,6.3,6,Indonesian,Hestu Saputra,
27 Steps of May,2019,Drama,8.2,280,Indonesian,Ravi L. Bharwani,112 min
99 Nama Cinta,2019,Drama,8,13,Indonesian,Danial Rifki,106 min
Abracadabra,2019,Comedy,5.9,39,Indonesian,Faozan Rizal,86 min
After Met You,2019,Drama,7.8,48,Indonesian,Patrick Effendy,107 min
Ajari Aku Islam,2019,Drama,7.1,34,Indonesian,Deni Pusung,93 min
Ambu,2019,Drama,7.8,16,Indonesian,Farid Dermawan,118 min
Anak Hoki,2019,Drama,4.7,11,Indonesian,Ginanti Rona Tembang Sari,97 min
Anak Muda Palsu,2019,Comedy,8.8,23,Indonesian,Ihdar Nur,103 min
Antologi Rasa,2019,Drama,7.2,98,Indonesian,Rizal Mantovani,108 min
Arwah Noni Belanda,2019,Horror,6.2,5,Indonesian,Agus Pestol,75 min
Bebas,2019,Comedy,7.3,358,Indonesian,Riri Riza,119 min
Bike Boyz,2019,Comedy,7.2,9,Indonesian,Aris Nugraha,95 min
Bridezilla,2019,Comedy,6,33,Indonesian,Andibachtiar Yusuf,94 min
Bumi Itu Bulat,2019,Drama,7.3,9,Indonesian,Ron Widodo,103 min
Calon Bini,2019,Comedy,7,43,Indonesian,Asep Kusdinar,96 min
Danur 3: Sunyaruri,2019,Horror,4.7,102,Indonesian,Awi Suryadi,90 min
Darah Daging,2019,Action,7.2,17,Indonesian,Sarjono Sutrisno,83 min
Death Whisper,2019,Horror,6.4,146,Indonesian,Awi Suryadi,91 min
Dilan 1991,2019,Drama,6.6,724,Indonesian,Pidi Baiq,121 min
Doremi & You,2019,Drama,7.8,39,Indonesian,B.W. Purba Negara,99 min
DreadOut,2019,Adventure,5.3,390,Indonesian,Kimo Stamboel,97 min
Dua Garis Biru,2019,Drama,8,763,Indonesian,Ginatri S. Noer,113 min
Eggnoid,2019,Drama,6.2,27,Indonesian,Naya Anindita,102 min
Ghost Writer,2019,Comedy,6.8,261,Indonesian,Bene Dion Rajagukguk,97 min
Gundala,2019,Action,6.5,"3,112",Indonesian,Joko Anwar,123 min
Habibie & Ainun 3,2019,Biography,7,133,Indonesian,Hanung Bramantyo,121 min
Hayya: The Power of Love 2,2019,Drama,5,147,Indonesian,Jastis Arimba,101 min
Hiruk-Pikuk Si Al-Kisah,2019,Drama,6.5,46,Indonesian,Yosep Anggi Noen,106 min
Hit & Run,2019,Action,6.2,157,Indonesian,Ody C. Harahap,114 min
Homecoming,2019,Drama,7.5,6,Indonesian,Adriyanto Dewo,93 min
Horas Amang: Tiga Bulan Untuk Selamanya,2019,Comedy,9.4,16,Indonesian,Irham Acho Bahtiar,109 min
Humba Dreams,2019,Drama,7,22,Indonesian,Riri Riza,75 min
Ikut Aku ke Neraka,2019,Horror,5.8,43,Indonesian,Azhar Kinoi Lubis,90 min
Imperfect,2019,Comedy,7.8,624,Indonesian,Ernest Prakasa,113 min
Impetigore,2019,Drama,6.9,"1,877",Indonesian,Joko Anwar,106 min
Iqro: My Universe,2019,Drama,6.6,8,Indonesian,Iqbal Alfajri,101 min
Jeritan Malam,2019,Horror,6.5,35,Indonesian,Rocky Soraya,119 min
"Kajeng Kliwon, Nightmare in Bali",2019,Horror,4.5,6,Indonesian,Bambang Drias,76 min
Kapal Goyang Kapten,2019,Comedy,6.6,23,Indonesian,Raymond Handaya,110 min
Kelam,2019,Horror,4.5,6,Indonesian,Erwin Arnada,75 min
Kembalinya Anak Iblis,2019,Horror,5,10,Indonesian,Rudy Soedjarwo,84 min
Koboy Kampus,2019,Comedy,5.8,19,Indonesian,Pidi Baiq,92 min
Koki-Koki Cilik 2,2019,Drama,6.8,9,Indonesian,Viva Westi,91 min
Kuambil Lagi Hatiku,2019,Drama,8.4,5,Indonesian,Azhar Kinoi Lubis,123 min
Kuntilanak 2,2019,Horror,4.8,73,Indonesian,Rizal Mantovani,100 min
Kutuk,2019,Horror,6.4,18,Indonesian,Rudi Aryanto,
Lagi-Lagi Ateng,2019,Comedy,5.9,14,Indonesian,Monty Tiwa,108 min
Lampor: Keranda Terbang,2019,Drama,6.7,53,Indonesian,Guntur Soeharjanto,95 min
Laundry Show,2019,Comedy,7.4,57,Indonesian,Rizki Balki,97 min
Leak (Penangkeb),2019,Horror,7.8,5,Indonesian,Mimi Jegon,75 min
Lorong,2019,Horror,5.4,14,Indonesian,Hestu Saputra,
Love Is Blind,2019,Comedy,6,125,Indonesian,Rachmania Arunita,86 min
Love for Sale 2,2019,Drama,7,372,Indonesian,Andibachtiar Yusuf,92 min
Lukisan Ratu Kidul,2019,Horror,6.5,11,Indonesian,Ginanti Rona Tembang Sari,90 min
Mahasiswi Baru,2019,Comedy,5.9,78,Indonesian,Monty Tiwa,96 min
Makmum,2019,Horror,4.3,127,Indonesian,Hadrah Daeng Ratu,95 min
Mantan Manten,2019,Drama,7.1,121,Indonesian,Farishad I. Latjuba,102 min
Mata Batin 2,2019,Drama,5.5,385,Indonesian,Rocky Soraya,116 min
MatiAnak,2019,Horror,6.9,57,Indonesian,Derby Romero,85 min
Matt & Mou,2019,Comedy,7.5,49,Indonesian,Monty Tiwa,96 min
Mekah I'm Coming,2019,Comedy,7.3,35,Indonesian,Jeihan Angga,93 min
MeloDylan,2019,Drama,7,28,Indonesian,Fajar Nugros,92 min
Mendadak Kaya,2019,Comedy,6.1,22,Indonesian,Anggy Umbara,92 min
My Stupid Boss 2,2019,Adventure,6.6,305,Indonesian,Upi Avianto,96 min
Nightmare Side: Delusional,2019,Horror,5,5,Indonesian,Joel Fadly,100 min
Orang Kaya Baru,2019,Comedy,6.4,431,Indonesian,Ody C. Harahap,96 min
PSP: Gaya Mahasiswa,2019,Comedy,5.5,24,Indonesian,Hilman Mutasi,96 min
Pariban: Idola dari Tanah Jawa,2019,Comedy,7.2,36,Indonesian,Andibachtiar Yusuf,101 min
Perjanjian dengan Iblis,2019,Horror,5.3,22,Indonesian,Ardy Octaviand,80 min
Pintu Merah,2019,Horror,6.3,9,Indonesian,Noviandra Santosa,
Pocong the Origin,2019,Adventure,5.9,84,Indonesian,Monty Tiwa,90 min
Pohon Terkenal,2019,Drama,8.1,25,Indonesian,Annisa Meutia Amir,96 min
Preman Pensiun,2019,Comedy,7,117,Indonesian,Aris Nugraha,94 min
Pretty Boys,2019,Comedy,6.8,373,Indonesian,Tompi,100 min
Ratu Ilmu Hitam,2019,Horror,6.8,531,Indonesian,Kimo Stamboel,99 min
Rembulan Tenggelam di Wajahmu,2019,Drama,5.9,12,Indonesian,Danial Rifki,93 min
Reva: Guna Guna,2019,Horror,4.9,9,Indonesian,Jose Poernomo,80 min
Ritual,2019,Horror,4.9,7,Indonesian,Findo Purwono,72 min
Roh Fasik,2019,Horror,6.5,22,Indonesian,Ubay Fox,90 min
Roy Kiyoshi: The Untold Story,2019,Horror,2,61,Indonesian,Jose Poernomo,86 min
Rumah Kentang: The Beginning,2019,Drama,5.1,37,Indonesian,Rizal Mantovani,102 min
Rumah Merah Putih,2019,Drama,7.8,13,Indonesian,Ari Sihasale,96 min
Rumput Tetangga,2019,Comedy,7.5,37,Indonesian,Guntur Soeharjanto,104 min
Sabyan Menjemput Mimpi,2019,Drama,5.7,9,Indonesian,Alim Ishaq,94 min
Satu Suro,2019,Horror,6.3,27,Indonesian,Anggy Umbara,94 min
Say I Love You,2019,Drama,7.3,11,Indonesian,Faozan Rizal,106 min
Sekte,2019,Horror,6.3,42,Indonesian,William Chandra,89 min
Senior,2019,Drama,8.1,11,Indonesian,Indra Gunawan,94 min
Si Doel the Movie 2,2019,Drama,7,148,Indonesian,Rano Karno,95 min
Si Manis Jembatan Ancol,2019,Horror,5.6,42,Indonesian,Anggy Umbara,116 min
Sin,2019,Drama,7.8,53,Indonesian,Herwin Novianto,100 min
Single 2,2019,Comedy,7.2,75,Indonesian,Raditya Dika,128 min
Susi Susanti: Love All,2019,Biography,7.5,141,Indonesian,Sim F.,96 min
Tabu: Mengusik Gerbang Iblis,2019,Horror,5.6,19,Indonesian,Angling Sagaran,96 min
Tembang Lingsir,2019,Horror,5.2,19,Indonesian,Rizal Mantovani,90 min
Terimakasih Cinta,2019,Drama,7.8,10,Indonesian,Tema Patrosza,101 min
Terlalu Tampan,2019,Comedy,7,278,Indonesian,Sabrina Rochelle Kalangie,106 min
The Fugitive,2019,Drama,3.7,53,Indonesian,Richard Oh,98 min
The Sacred Riana: Beginning,2019,Horror,6.9,54,Indonesian,Billy Christian,111 min
The Santri,2019,Adventure,3.9,10,Indonesian,Ken Zheng,
The Way I Love You,2019,Drama,7.5,19,Indonesian,Rudi Aryanto,94 min
This Earth of Mankind,2019,Drama,6.6,514,Indonesian,Hanung Bramantyo,181 min
Trinity Traveler,2019,Adventure,5.8,16,Indonesian,Rizal Mantovani,97 min
Twivortiare,2019,Drama,5.8,165,Indonesian,Benni Setiawan,103 min
Uka-Uka the Movie: Nini Tulang,2019,Horror,4.8,12,Indonesian,Ubay Fox,92 min
Warkop DKI Reborn 3,2019,Adventure,4.4,102,Indonesian,Rako Prijanto,103 min
Wedding Agreement,2019,Drama,5.9,112,Indonesian,Archie Hekagery,100 min
Yowis Ben 2,2019,Comedy,7.2,197,Indonesian,Fajar Nugros,109 min
Zeta: When the Dead Awaken,2019,Action,5.8,12,Indonesian,Amanda Iswan,
#FriendButMarried,2018,Biography,6.9,483,Indonesian,Rako Prijanto,
13: The Haunted,2018,Horror,5.6,41,Indonesian,Rudy Soedjarwo,107 min
212: The Power of Love,2018,Drama,5,71,Indonesian,Jastis Arimba,85 min
22 Menit,2018,Action,6.2,121,Indonesian,Eugene Panji,71 min
3 Dara 2,2018,Comedy,7,24,Indonesian,Monty Tiwa,89 min
A Man Called Ahok,2018,Biography,8.7,"4,235",Indonesian,Putrama Tuta,102 min
Aib #Cyberbully,2018,Horror,5.2,28,Indonesian,,75 min
Alas Pati: Hutan Mati,2018,Adventure,5.2,61,Indonesian,Jose Poernomo,82 min
Ananta,2018,Comedy,8,52,Indonesian,Rizki Balki,91 min
Arini,2018,Drama,7.5,84,Indonesian,Ismail Basbeth,
Aruna & Lidahnya,2018,Drama,7.3,539,Indonesian,Edwin,106 min
Arwah Tumbal Nyai the Trilogy: Part Arwah,2018,Horror,3.7,45,Indonesian,Arie Azis,104 min
Arwah Tumbal Nyai the Trilogy: Part Nyai,2018,Horror,5.3,17,Indonesian,Arie Azis,99 min
Asal Kau Bahagia,2018,Drama,7.5,59,Indonesian,Rako Prijanto,88 min
Asih,2018,Horror,5.3,156,Indonesian,Awi Suryadi,77 min
Assalamualaikum Calon Imam,2018,Drama,7.8,14,Indonesian,Findo Purwono,
Ave Maryam,2018,Drama,7.3,234,Indonesian,Robby Ertanto,85 min
Baco Becce,2018,Comedy,8.8,23,Indonesian,Syahrir Arsyad Dini,87 min
Bayi Gaib: Bayi Tumbal Bayi Mati,2018,Horror,6.6,7,Indonesian,Rizal Mantovani,93 min
Belok Kanan Barcelona,2018,Adventure,7.1,89,Indonesian,Guntur Soeharjanto,107 min
Benyamin Biang Kerok,2018,Comedy,2.9,213,Indonesian,Hanung Bramantyo,
Bisikan Iblis,2018,Horror,4.9,34,Indonesian,Hanny Saputra,87 min
Bodyguard Ugal-Ugalan,2018,Comedy,5.7,52,Indonesian,Irham Acho Bahtiar,91 min
Buffalo Boys,2018,Action,5.8,"1,004",Indonesian,Mike Wiluan,102 min
Cinta sama dengan Cindolo Na Tape,2018,Comedy,8.3,9,Indonesian,Andi Burhamzah,
DOA (Doyok-Otoy-Ali Oncom): Cari Jodoh,2018,Comedy,6.1,54,Indonesian,Anggy Umbara,83 min
Dancing in the Rain,2018,Drama,8.1,59,Indonesian,Rudi Aryanto,101 min
Danur 2: Maddah,2018,Horror,5.7,354,Indonesian,Awi Suryadi,92 min
Dear Nathan Hello Salma,2018,Drama,8,195,Indonesian,Indra Gunawan,101 min
Dilan 1990,2018,Drama,7.3,"2,799",Indonesian,Pidi Baiq,127 min
Dimsum Martabak,2018,Comedy,6.2,63,Indonesian,Andreas Sullivan,98 min
Dongeng Mistis,2018,Horror,6.6,22,Indonesian,Orizon Astonia,88 min
Eiffel I'm in Love 2,2018,Drama,6.8,329,Indonesian,Rizal Mantovani,
Generasi Micin,2018,Comedy,6.4,72,Indonesian,Fajar Nugros,88 min
Gentayangan,2018,Horror,4.8,19,Indonesian,Shyam Ramsay,84 min
Gila Lu Ndro,2018,Comedy,5.2,49,Indonesian,Herwin Novianto,79 min
Hanum & Rangga: Faith & The City,2018,Drama,1.2,"3,490",Indonesian,Benni Setiawan,90 min
Insya Allah Sah 2,2018,Action,7.2,42,Indonesian,Anggy Umbara,91 min
Jaga Pocong,2018,Horror,6.9,140,Indonesian,Hadrah Daeng Ratu,83 min
Jailangkung 2,2018,Horror,4,109,Indonesian,Rizal Mantovani,83 min
Jaran Goyang,2018,Horror,4.7,16,Indonesian,Findo Purwono,79 min
Jelita Sejuba: Mencintai Kesatria Negara,2018,Drama,9.1,240,Indonesian,Ray Nayoan,
Kafir: Bersekutu dengan Setan,2018,Drama,7,367,Indonesian,Azhar Kinoi Lubis,97 min
Keluarga Cemara,2018,Drama,7.9,558,Indonesian,Yandy Laurens,110 min
Kenapa Harus Bule?,2018,Drama,6.5,22,Indonesian,Andri Cung,
Kesempatan Kedu(d)a,2018,Comedy,7,8,Indonesian,Awi Suryadi,99 min
Kisah Dua Jendela,2018,Drama,7.4,11,Indonesian,Paul Agusta,92 min
Koki-Koki Cilik,2018,Drama,7.3,35,Indonesian,Ifa Isfansyah,91 min
Kucumbu Tubuh Indahku,2018,Drama,7.5,337,Indonesian,Garin Nugroho,105 min
Kulari ke Pantai,2018,Adventure,7.8,201,Indonesian,Riri Riza,112 min
Kuntilanak,2018,Comedy,4.8,493,Indonesian,Rizal Mantovani,105 min
Liam dan Laila,2018,Drama,7.5,11,Minangkabau,Arief Malinmudo,94 min
Lima,2018,Drama,6.8,36,Indonesian,Harvan Agustriansyah,
Love for Sale,2018,Drama,7.4,792,Indonesian,Andibachtiar Yusuf,100 min
Mama Mama Jagoan,2018,Comedy,7.2,11,Indonesian,Sidi Saleh,94 min
May the Devil Take You,2018,Horror,6,"3,015",Indonesian,Timo Tjahjanto,110 min
Meet Me After Sunset,2018,Drama,8,53,Indonesian,Danial Rifki,96 min
Menunggu Pagi,2018,Drama,7.4,21,Indonesian,Teddy Soeriaatmadja,82 min
Message Man,2018,Action,6,"2,486",Indonesian,Corey Pearson,91 min
Milly & Mamet: Ini Bukan Cinta & Rangga,2018,Comedy,7.4,558,Indonesian,Ernest Prakasa,101 min
Moonrise Over Egypt,2018,History,7.5,24,Indonesian,Pandu Adi Putra,112 min
Pai kau,2018,Drama,6.9,21,Indonesian,Sidi Saleh,
Partikelir,2018,Action,6.3,98,Indonesian,Pandji Pragiwaksono,
Petualangan Menangkap Petir,2018,Drama,7,34,Indonesian,Kuntz Agus,
"R: Raja, Ratu, & Rahasia",2018,Drama,7.2,45,Indonesian,Findo Purwono,98 min
Rasuk,2018,Horror,5.4,69,Indonesian,Ubay Fox,90 min
Reuni Z,2018,Comedy,5,67,Indonesian,Soleh Solihun,98 min
Revan & Reina,2018,Drama,8.4,32,Indonesian,Andreas Sullivan,98 min
Rompis,2018,Drama,7.9,185,Indonesian,Monty Tiwa,99 min
Rumah Belanda,2018,Horror,5.7,18,Indonesian,Hedy Suryawan,
Sabrina,2018,Horror,4.2,"1,397",Indonesian,Rocky Soraya,113 min
Sajen,2018,Horror,5.4,50,Indonesian,Hanny Saputra,
Sakral,2018,Horror,6.8,39,Indonesian,Tema Patrosza,90 min
Serendipity,2018,Drama,8.5,65,Indonesian,Indra Gunawan,107 min
Sesat: Yang Sudah Pergi Jangan Dipanggil Lagi,2018,Horror,6.5,52,Indonesian,Sammaria Simanjuntak,90 min
Sesuai Aplikasi,2018,Comedy,6.6,49,Indonesian,Adink Liwutang,89 min
Si Doel the Movie,2018,Drama,7.1,370,Indonesian,Rano Karno,85 min
Siap Gan!,2018,Comedy,7.4,11,Indonesian,Ody C. Harahap,92 min
Silam,2018,Horror,5.3,33,Indonesian,Jose Poernomo,80 min
Skull,2018,Action,6.4,111,Indonesian,Yusron Fuadi,107 min
Something in Between,2018,Drama,8.2,92,Indonesian,Asep Kusdinar,100 min
"Sultan Agung: Tahta, Perjuangan, Cinta",2018,Action,6.9,140,Indonesian,Hanung Bramantyo,148 min
Suzzanna: Bernapas dalam Kubur,2018,Comedy,5.6,736,Indonesian,Rocky Soraya,125 min
Target,2018,Comedy,4,359,Indonesian,Raditya Dika,93 min
Terbang: Menembus Langit,2018,Biography,7.4,58,Indonesian,Fajar Nugros,
The Gift,2018,Drama,7.5,57,Indonesian,Hanung Bramantyo,
The Night Comes for Us,2018,Action,7,"19,856",Indonesian,Timo Tjahjanto,121 min
The Perfect Husband,2018,Drama,7.1,53,Indonesian,Rudi Aryanto,108 min
The Returning,2018,Horror,6,18,Indonesian,Witra Asliga,88 min
The Secret: Suster Ngesot Urban Legend,2018,Horror,3.5,27,Indonesian,Raffi Ahmad,82 min
Tujuh Bidadari,2018,Horror,6.6,8,Indonesian,Muhammad Yusuf,90 min
Tumbal: The Ritual,2018,Horror,7.3,6,Indonesian,,92 min
Tusuk Jelangkung di Lubang Buaya,2018,Horror,2.4,18,Indonesian,Erwin Arnada,82 min
Udah Putusin Aja!,2018,Drama,7.3,11,Indonesian,Rolly Subhandani,88 min
Wahana Rumah Hantu,2018,Adventure,2.8,8,Indonesian,Anto Lupus,115 min
Wiro Sableng 212,2018,Action,7.2,"1,327",Indonesian,Angga Dwimas Sasongko,123 min
Yowis Ben,2018,Comedy,8.4,"3,080",Indonesian,Fajar Nugros,
12:06 Rumah Kucing,2017,Horror,3.5,17,Indonesian,Chiska Doppert,78 min
5 Cowok Jagoan,2017,Action,6.7,14,Indonesian,Anggy Umbara,106 min
"A: Aku, Benci, & Cinta",2017,Drama,7.5,138,Indonesian,Rizki Balki,
After School Horror 2,2017,Horror,5.1,17,Indonesian,Nayato Fio Nuala,
Baracas: Barisan Anti Cinta Asmara,2017,Comedy,6.3,15,Indonesian,Pidi Baiq,92 min
Berangkat!,2017,Comedy,7.4,17,Indonesian,Naya Anindita,
Beyond Skyline,2017,Action,5.3,"17,778",English,Liam O'Donnell,106 min
Bukaan 8,2017,Comedy,7.2,102,Indonesian,Angga Dwimas Sasongko,104 min
Chrisye,2017,Biography,7.3,61,Indonesian,Rizal Mantovani,
Critical Eleven,2017,Drama,7.3,561,Indonesian,Robert Ronny,135 min
Danur: I Can See Ghosts,2017,Horror,5.4,623,Indonesian,Awi Suryadi,74 min
Dear Nathan,2017,Drama,7,357,Indonesian,Indra Gunawan,99 min
Demi Cinta,2017,Comedy,7.2,13,Indonesian,Azhar Kinoi Lubis,95 min
Duka Sedalam Cinta,2017,Drama,8.7,25,Indonesian,Firman Syah,
Filosofi Kopi 2: Ben & Jody,2017,Adventure,7.3,321,Indonesian,Angga Dwimas Sasongko,108 min
Galih dan Ratna,2017,Drama,6.6,191,Indonesian,Lucky Kuswandi,112 min
Gasing Tengkorak,2017,Horror,4.8,64,Indonesian,Jose Poernomo,
Hantu Gunung Kawi,2017,Horror,6,5,Indonesian,Nayato Fio Nuala,91 min
Hujan Bulan Juni,2017,Drama,7.5,75,Indonesian,Hestu Saputra,96 min
Insya Allah Sah,2017,Comedy,5.7,83,Indonesian,Benni Setiawan,83 min
Jailangkung,2017,Horror,3.7,221,Indonesian,Rizal Mantovani,86 min
Jomblo,2017,Comedy,6.6,74,Indonesian,Hanung Bramantyo,117 min
KAILI: Karena Aku Ingin Kembali,2017,Drama,8.2,16,Indonesian,Andi Syahwal Mattuju,
Kartini,2017,Biography,7.7,336,Indonesian,Hanung Bramantyo,122 min
Keluarga Tak Kasat Mata,2017,Horror,3.5,110,Indonesian,Hedy Suryawan,
Labuan Hati,2017,Drama,7.6,9,Indonesian,Lola Amaria,100 min
London Love Story 2,2017,Drama,7,7,Indonesian,Asep Kusdinar,101 min
Mantan,2017,Drama,7,20,Indonesian,Svetlana Dea,
Marlina the Murderer in Four Acts,2017,Drama,7,"2,350",Indonesian,Mouly Surya,93 min
Mars Met Venus (Part Cewe),2017,Comedy,7.6,8,Indonesian,Hadrah Daeng Ratu,98 min
Mata Batin,2017,Drama,5.1,"1,059",Indonesian,Rocky Soraya,107 min
Mau Jadi Apa?,2017,Comedy,7.5,13,Indonesian,Soleh Solihun,103 min
Merah Putih Memanggil,2017,Action,8.7,69,Indonesian,Mirwan Suwarso,95 min
Mereka Yang Tak Terlihat,2017,Horror,6.5,105,Indonesian,Billy Christian,95 min
Moammar Emka's Jakarta Undercover,2017,Drama,7.2,107,Indonesian,Fajar Nugros,129 min
Mooncake Story,2017,Drama,6.5,10,Indonesian,Garin Nugroho,94 min
My Generation,2017,Drama,7,62,Indonesian,Upi Avianto,106 min
Night Bus,2017,Crime,7.1,145,Indonesian,Emil Heradi,139 min
One Fine Day,2017,Drama,6.8,151,Indonesian,Asep Kusdinar,102 min
Perfect Dream,2017,Drama,6.8,8,Indonesian,Hestu Saputra,
Pertaruhan,2017,Action,8,71,Indonesian,Krishto D. Alam,
Petak Umpet Minako,2017,Horror,6.6,54,Indonesian,Billy Christian,
Posesif,2017,Drama,7.3,740,Indonesian,Edwin,102 min
Rafathar,2017,Adventure,1.4,880,Indonesian,Bounty Umbara,91 min
Ruqyah: The Exorcism,2017,Horror,4,65,Indonesian,Jose Poernomo,89 min
Satan's Slaves,2017,Drama,6.6,"6,877",Indonesian,Joko Anwar,107 min
Satria Heroes: Revenge of the Darkness,2017,Action,3.2,37,Indonesian,Kenzô Maihara,92 min
Satu Hari Nanti,2017,Drama,6.4,45,Indonesian,Salman Aristo,
Security Ugal-Ugalan,2017,Action,7.9,7,Indonesian,Irham Acho Bahtiar,98 min
Sekala Niskala,2017,Drama,6.9,298,Indonesian,Kamila Andini,83 min
Si Juki,2017,Animation,6.4,90,Indonesian,Faza Meonk,
Silariang the Movie,2017,Drama,8,27,Indonesian,Wisnu Adi,
Stip & Pensil,2017,Comedy,6.7,111,Indonesian,Ardy Octaviand,98 min
Suhu Beku: The Movie,2017,Drama,7.7,6,Indonesian,Rusmin Nuryadin,88 min
Surat Cinta Untuk Starla the Movie,2017,Drama,7,370,Indonesian,Rudi Aryanto,90 min
Surat Kecil Untuk Tuhan,2017,Drama,7.4,121,Indonesian,Fajar Bustomi,
Surau dan Silek,2017,Drama,8.8,62,Minangkabau,Arief Malinmudo,
Surga Yang Tak Dirindukan 2,2017,Drama,7.1,359,Indonesian,Hanung Bramantyo,121 min
Susah Sinyal,2017,Comedy,7.1,773,Indonesian,Ernest Prakasa,110 min
Sweet 20,2017,Comedy,7.3,285,Indonesian,Ody C. Harahap,110 min
The Carousel Never Stops Turning,2017,Drama,6.8,20,Indonesian,Ismail Basbeth,84 min
The Curse,2017,Horror,5.3,19,Indonesian,Muhammad Yusuf,
The Doll 2,2017,Horror,5.4,398,Indonesian,Rocky Soraya,117 min
The Guys,2017,Comedy,6.7,254,Indonesian,Raditya Dika,115 min
The Underdogs,2017,Comedy,7.1,63,Indonesian,Adink Liwutang,99 min
"Trinity, The Nekad Traveler",2017,Adventure,7.3,61,Indonesian,Rizal Mantovani,103 min
Ular Tangga,2017,Horror,5.8,33,Indonesian,Arie Azis,
Valentine,2017,Action,4.7,504,Indonesian,Ubay Fox,105 min
Verses of Love 2,2017,Drama,5.6,533,Indonesian,Guntur Soeharjanto,125 min
Wage,2017,Biography,8.8,43,Indonesian,John de Rantau,
Warkop DKI Reborn: Jangkrik Boss Part 2,2017,Adventure,5.5,404,Indonesian,Anggy Umbara,
3 Srikandi,2016,Biography,6.6,196,Indonesian,Iman Brotoseno,
Aach... Aku Jatuh Cinta,2016,Drama,6.5,51,Indonesian,Garin Nugroho,85 min
Aku Ingin Ibu Pulang,2016,Drama,8,6,Indonesian,Monty Tiwa,101 min
Algojo: Perang Santet,2016,Action,1.6,49,Indonesian,Rudy Soedjarwo,94 min
Bangkit!,2016,Action,6.4,14,Indonesian,Rako Prijanto,
Bulan Terbelah di Langit Amerika 2,2016,Adventure,4.4,153,Indonesian,Rizal Mantovani,100 min
Catatan Dodol Calon Dokter,2016,Comedy,6.6,52,Indonesian,Ifa Isfansyah,103 min
Cek Toko Sebelah,2016,Comedy,8,"1,472",Indonesian,Ernest Prakasa,104 min
Cinta Laki-Laki Biasa,2016,Drama,7.9,34,Indonesian,Guntur Soeharjanto,
Comic 8: Casino Kings Part 2,2016,Action,6.1,307,Indonesian,Anggy Umbara,
Dear Love,2016,Romance,7.2,15,Indonesian,Dedy Syah,105 min
Emma' (Mother),2016,Drama,7.1,109,Indonesian,Riri Riza,77 min
Firegate,2016,Adventure,6.5,98,Indonesian,Rizal Mantovani,113 min
Hangout,2016,Comedy,5.9,564,Indonesian,Raditya Dika,101 min
Headshot,2016,Action,6.3,"12,507",Indonesian,Kimo Stamboel,118 min
I Am Hope,2016,Drama,7.2,12,Indonesian,Adilla Dimitri,115 min
ILY from 38.000 Ft,2016,Drama,6,111,Indonesian,Asep Kusdinar,102 min
Indera ke Enam,2016,Thriller,5.8,18,Indonesian,Wisnu Kuncoro,77 min
Ini Kisah Tiga Dara,2016,Drama,6.7,40,Indonesian,Nia Di Nata,124 min
Iseng,2016,Drama,7,22,Indonesian,Adrian Tang,100 min
Istirahatlah Kata-Kata,2016,Adventure,7.3,217,Indonesian,Yosep Anggi Noen,97 min
Jagoan Instan,2016,Action,5.3,23,Indonesian,Fajar Bustomi,96 min
Jilbab Traveler: Love Sparks in Korea,2016,Drama,6.9,14,Indonesian,Guntur Soeharjanto,112 min
Jingga,2016,Drama,7,7,Indonesian,Lola Amaria,102 min
Juara,2016,Action,6,6,Indonesian,Charles Gozali,106 min
Ketika Mas Gagah Pergi the Movie,2016,Drama,8.3,67,Indonesian,Firman Syah,
Koala Kumal,2016,Comedy,6.6,449,Indonesian,Raditya Dika,
Kurung Manuk (Bird Cage),2016,Sci-Fi,7.2,11,Indonesian,Sigit Pradityo,
London Love Story,2016,Drama,6.2,12,Indonesian,Asep Kusdinar,89 min
Me vs. Mami,2016,Comedy,7.5,48,Indonesian,Ody C. Harahap,
Midnight Show,2016,Action,6.6,53,Indonesian,Ginanti Rona Tembang Sari,100 min
My Journey: Mencari Mata Air,2016,Adventure,8.4,16,Indonesian,Joko Nugroho,
My Stupid Boss,2016,Comedy,7.2,"1,241",Indonesian,Upi Avianto,108 min
Nyai: A Woman from Java,2016,Drama,7.1,17,Indonesian,Garin Nugroho,90 min
Pesantren Impian,2016,Drama,5.6,14,Indonesian,Ifa Isfansyah,
Pinky Promise,2016,Comedy,7.5,6,Indonesian,Guntur Soeharjanto,104 min
Rudy Habibie,2016,Biography,7.5,644,Indonesian,Hanung Bramantyo,
Rumah Malaikat,2016,Horror,5.4,16,Indonesian,Billy Christian,
Sabtu Bersama Bapak,2016,Drama,7.5,279,Indonesian,Monty Tiwa,
Shy Shy Cat,2016,Comedy,6.4,35,Indonesian,Monty Tiwa,102 min
Stay with Me,2016,Drama,7.4,13,Indonesian,Rudy Soedjarwo,
Sundul Gan: The Story of Kaskus,2016,Biography,8.5,29,Indonesian,Naya Anindita,89 min
Sunya,2016,Drama,8.6,9,Indonesian,Hari Suhariyadi,88 min
Super Didi,2016,Comedy,7.1,19,Indonesian,Hadrah Daeng Ratu,108 min
Surat Cinta Untuk Kartini,2016,Drama,7.8,22,Indonesian,Azhar Kinoi Lubis,
Surat dari Praha,2016,Drama,7.2,262,Indonesian,Angga Dwimas Sasongko,97 min
Talak 3,2016,Comedy,7.3,86,Indonesian,Ismail Basbeth,
Tausiyah Cinta,2016,Romance,8.4,5,Indonesian,Humar Hadi,
Terjebak Nostalgia,2016,Drama,7.1,46,English,Rako Prijanto,94 min
Terpana,2016,Drama,6.6,25,Indonesian,Richard Oh,
The Doll,2016,Horror,5.3,521,Indonesian,Rocky Soraya,107 min
The Fabulous Udin,2016,Adventure,7.4,8,Indonesian,Herdanius Larobu,98 min
The Professionals,2016,Action,6.4,39,Indonesian,Affandi Abdul Rachman,95 min
The Promise,2016,Thriller,5.8,8,Indonesian,Bambang Drias,90 min
The Window,2016,Drama,8,11,Indonesian,Nurman Hakim,
Triangle the Dark Side,2016,Action,2.2,247,Indonesian,Deddy Corbuzier,90 min
Turah,2016,Drama,7.7,59,Indonesian,Wicaksono Wisnu Legowo,83 min
Uang Panai' Maha(r)l,2016,Comedy,6.6,128,Indonesian,Halim Gani Safia Asril Sani,
Warkop DKI Reborn: Jangkrik Boss Part 1,2016,Adventure,6.5,"1,049",Indonesian,Anggy Umbara,
What's Up with Love 2,2016,Drama,7.4,"1,650",Indonesian,Riri Riza,123 min
Winter in Tokyo,2016,Romance,7.8,17,Indonesian,Fajar Bustomi,103 min
Ziarah,2016,Drama,8,29,Indonesian,B.W. Purba Negara,87 min
#66,2015,Action,5.9,24,Indonesian,Asun Mawardi,116 min
3 Dara,2015,Comedy,5.6,5,Indonesian,Ardy Octaviand,86 min
"3: Alif, Lam, Mim",2015,Action,7.3,292,Indonesian,Anggy Umbara,123 min
A Copy of My Mind,2015,Drama,7.2,698,Indonesian,Joko Anwar,116 min
About A Woman,2015,Drama,8.6,19,Indonesian,Teddy Soeriaatmadja,76 min
Ayat-Ayat Adinda,2015,Drama,5.4,5,Indonesian,Hestu Saputra,
Bulan Terbelah di Langit Amerika,2015,Adventure,6,213,Indonesian,Rizal Mantovani,109 min
CJR the Movie: Lawan Rasa Takutmu,2015,Drama,7.3,20,Indonesian,Patrick Effendy,
Cai Lan Gong,2015,Horror,6.2,5,Indonesian,David Purnomo,83 min
Cinta Selamanya,2015,Drama,6.8,14,Indonesian,Fajar Nugros,
Clown of the Dead,2015,Horror,5.4,125,Indonesian,Awi Suryadi,
Comic 8: Casino Kings Part 1,2015,Action,6.3,327,Indonesian,Anggy Umbara,
Di Balik 98,2015,Drama,6.7,36,Indonesian,Lukman Sardi,
Epen Cupen the Movie,2015,Comedy,5.3,26,Indonesian,Irham Acho Bahtiar,91 min
Filosofi Kopi,2015,Drama,7.1,604,Indonesian,Angga Dwimas Sasongko,117 min
Gangster,2015,Action,5.9,31,Indonesian,Fajar Nugros,99 min
Garuda Superhero,2015,Action,3.6,14,Indonesian,X. Jo,85 min
Guru Bangsa Tjokroaminoto,2015,Biography,7.3,92,Indonesian,Garin Nugroho,161 min
Hijab,2015,Comedy,5.6,16,Indonesian,Hanung Bramantyo,100 min
Jendral Soedirman,2015,Action,7.3,32,Indonesian,Viva Westi,
Kakak,2015,Horror,6.2,11,Indonesian,Ivander Tedjasukmana,
Kapan Kawin?,2015,Comedy,7.3,202,Indonesian,Ody C. Harahap,
Komedi Moderen Gokil,2015,Comedy,4.8,5,Indonesian,Cuk Fk,95 min
Lily Bunga Terakhirku,2015,Drama,7.8,12,Indonesian,Indra Birowo,83 min
Love & Faith,2015,Biography,7.7,26,Indonesian,Benni Setiawan,
Love You... Love You Not,2015,Comedy,5.3,47,Indonesian,Sridhar Jetty,95 min
Magic Hour,2015,Drama,6.2,43,Indonesian,Asep Kusdinar,96 min
Melancholy Is A Movement,2015,Drama,6.5,19,Indonesian,Richard Oh,
Mencari Hilal,2015,Adventure,7.7,71,Indonesian,Ismail Basbeth,94 min
Menuju Rembulan,2015,Drama,6.1,56,Indonesian,Ismail Basbeth,80 min
Misterius,2015,Horror,5,9,Indonesian,Muhammad Yusuf,81 min
Nada Untuk Asa,2015,Drama,6.7,15,Indonesian,Charles Gozali,
Nay,2015,Drama,6.2,8,Indonesian,Djenar Maesa Ayu,80 min
Negeri Van Oranje,2015,Adventure,7.4,269,Indonesian,Endri Pelita,
Ngenest,2015,Comedy,7,392,Indonesian,Ernest Prakasa,
November 10th,2015,Animation,7.1,"2,714",Indonesian,Aryanto Yuniawan,99 min
Pizza Man,2015,Action,6.1,14,Indonesian,Ceppy Gober,90 min
Romeo + Rinjani,2015,Adventure,6.1,11,Indonesian,Fajar Bustomi,85 min
Sagarmatha,2015,Adventure,7.2,21,Indonesian,Emil Heradi,98 min
Single,2015,Comedy,6.8,628,Indonesian,Raditya Dika,127 min
SkakMat,2015,Action,6.7,10,Indonesian,Ody C. Harahap,
Sunshine Becomes You,2015,Comedy,6,66,Indonesian,Rocky Soraya,126 min
Surga Yang Tak Dirindukan,2015,Drama,7.8,"2,135",Indonesian,Kuntz Agus,
Tarot,2015,Drama,7.1,89,Indonesian,Jose Poernomo,119 min
The Wedding & Bebek Betutu,2015,Comedy,6.8,26,Indonesian,Hilman Mutasi,109 min
Toba Dreams,2015,Drama,7.4,45,Indonesian,Benni Setiawan,
Train Station,2015,Crime,5.8,146,English,Xavier Agudo,97 min
Turis Romantis,2015,Romance,8.9,60,Indonesian,Senoaji Julius,
Tuyul: Part 1,2015,Horror,6,90,Indonesian,Billy Christian,95 min
Wewe,2015,Horror,5.8,22,Indonesian,Rizal Mantovani,100 min
12 Menit,2014,Drama,8.6,66,Indonesian,Hanny Saputra,110 min
2014,2014,Action,6.9,35,Indonesian,Hanung Bramantyo,109 min
3 Nafas Likas,2014,Drama,7.3,32,Indonesian,Rako Prijanto,
3600 Detik,2014,Drama,6.6,29,Indonesian,Nayato Fio Nuala,90 min
7 Hari 24 Jam,2014,Drama,7.1,77,Indonesian,Fajar Nugros,97 min
99 Cahaya di Langit Eropa Part 2,2014,Adventure,6,25,Indonesian,Guntur Soeharjanto,102 min
"Aku, Kau, & KUA",2014,Comedy,7,42,Indonesian,Monty Tiwa,
Angker,2014,Horror,6.8,13,Indonesian,Muhammad Yusuf,90 min
Assalamualaikum Beijing,2014,Drama,7.2,231,Indonesian,Guntur Soeharjanto,
Bajaj Bajuri the Movie,2014,Action,7,5,Indonesian,Fajar Nugros,93 min
Cherrybelle: Crush,2014,Comedy,5.6,111,Indonesian,Rizal Mantovani,101 min
Comic 8,2014,Action,7,839,Indonesian,Anggy Umbara,106 min
Danau Hitam,2014,Horror,6.1,7,Indonesian,Jose Poernomo,90 min
Guardian,2014,Action,4.2,143,English,Helfi C.H. Kardit,91 min
Haji Backpacker,2014,Adventure,6.1,17,Indonesian,Danial Rifki,
Hijrah Cinta,2014,Biography,8.1,59,Indonesian,,
Killers,2014,Action,6.4,"4,710",Japanese,Kimo Stamboel,137 min
Kukejar Cinta ke Negeri Cina,2014,Comedy,6,30,Indonesian,Fajar Bustomi,94 min
Legend of the East,2014,Action,1.7,10,Indonesian,Nirattisai Kaljareuk,57 min
Malam Minggu Miko Movie,2014,Comedy,7.4,16,Indonesian,Raditya Dika,90 min
Mall Klender,2014,Horror,6.5,52,Indonesian,David Purnomo,
Mari Lari,2014,Drama,7.3,27,Indonesian,Delon Tio,
Marmut Merah Jambu,2014,Comedy,6.9,275,Indonesian,Raditya Dika,
Merry Riana: Mimpi Sejuta Dolar,2014,Biography,6.7,160,Indonesian,Hestu Saputra,
My Idiot Brother,2014,Drama,7.2,12,Indonesian,Alyandra,
Oo Nina Bobo,2014,Horror,5.3,48,Indonesian,Jose Poernomo,
Pendekar Tongkat Emas,2014,Action,6.2,722,Indonesian,Ifa Isfansyah,111 min
Remember When,2014,Drama,6.4,26,Indonesian,Fajar Bustomi,90 min
Rumah Gurita,2014,Drama,7.5,64,Indonesian,Jose Poernomo,106 min
Runaway,2014,Action,6.2,18,Indonesian,Guntur Soeharjanto,90 min
"Selamat Pagi, Malam",2014,Drama,7.3,161,Indonesian,Lucky Kuswandi,94 min
Siti,2014,Drama,7.5,210,Indonesian,Eddie Cahyono,95 min
Strawberry Surprise,2014,Drama,5.9,13,Indonesian,Hanny Saputra,85 min
Street Society,2014,Action,6.6,83,Indonesian,Awi Suryadi,
Suka-Suka Super 7: Habis Gelap Menuju Terang,2014,Drama,8.4,16,Indonesian,Geri Busye,
Supernova,2014,Drama,6.4,289,Indonesian,Rizal Mantovani,135 min
Tabula Rasa,2014,Drama,7.6,118,Indonesian,Adriyanto Dewo,107 min
Tak Kemal Maka Tak Sayang,2014,Comedy,5.5,25,Indonesian,Fajar Bustomi,
The Raid 2,2014,Action,8,"112,091",Indonesian,Gareth Evans,150 min
"The Sun, the Moon, & the Hurricane",2014,Drama,7.3,31,Indonesian,Andri Cung,101 min
Unlimited Love,2014,Drama,8.2,8,Indonesian,Haryanto Corakh,
Viva JKT48,2014,Comedy,7.6,28,Indonesian,Awi Suryadi,
We Are Moluccans,2014,Biography,8.2,152,Indonesian,Angga Dwimas Sasongko,151 min
308,2013,Horror,6.5,93,Indonesian,Jose Poernomo,
9 Summers 10 Autumns,2013,Biography,8.2,61,English,Ifa Isfansyah,114 min
99 Cahaya di Langit Eropa,2013,Adventure,6.2,173,Indonesian,Guntur Soeharjanto,
After the Dark,2013,Drama,5.7,"20,979",English,John Huddles,107 min
Air Mata Terakhir Bunda,2013,Drama,6.9,7,Indonesian,Endri Pelita,
Air Terjun Pengantin Phuket,2013,Horror,5.3,41,Indonesian,Rizal Mantovani,83 min
Bangun Lagi Dong Lupus,2013,Comedy,6.8,41,Indonesian,Benni Setiawan,90 min
Berlian Si Etty,2013,Comedy,6.5,6,Indonesian,Dimas Adi Pratama,97 min
Cinta Brontosaurus,2013,Comedy,6.2,329,Indonesian,Fajar Nugros,98 min
Cinta Dalam Kardus,2013,Comedy,6.5,177,Indonesian,Salman Aristo,90 min
Cinta dari Wamena,2013,Drama,7.8,11,Indonesian,Lasja Fauzia,90 min
Cinta/Mati,2013,Drama,8.2,10,Indonesian,Ody C. Harahap,95 min
Coboy Junior: The Movie,2013,Drama,3.8,125,Indonesian,Anggy Umbara,90 min
Crazy Love,2013,Romance,6.9,10,Indonesian,Guntur Soeharjanto,
Eyang Kubur,2013,Comedy,7,10,Japanese,Findo Purwono,80 min
Finding Srimulat,2013,Comedy,6.8,25,Indonesian,Charles Gozali,104 min
Gending Sriwijaya,2013,Action,6.3,26,Indonesian,Hanung Bramantyo,
Get M4rried,2013,Comedy,6.7,31,Indonesian,Monty Tiwa,112 min
Hari Ini Pasti Menang,2013,Action,6.9,129,Indonesian,Andibachtiar Yusuf,90 min
Hasduk Berpola,2013,Drama,8.4,23,Indonesian,Harris Nizam,99 min
Honeymoon,2013,Comedy,5.2,5,Indonesian,Findo Purwono,
Java Heat,2013,Action,5.1,"4,618",English,Conor Allyn,
Jokowi,2013,Biography,6.9,170,Indonesian,Azhar Kinoi Lubis,117 min
KM 97,2013,Horror,4.5,15,Indonesian,Jose Poernomo,83 min
Kemasukan Setan,2013,Horror,6.8,5,Indonesian,Muhammad Yusuf,
Kembalinya Nenek Gayung,2013,Comedy,4.5,15,Indonesian,Shakuntala,
Kisah 3 Titik,2013,Drama,4.4,5,Indonesian,Bobby Prabowo,104 min
La tahzan,2013,Drama,6.2,76,Indonesian,Danial Rifki,100 min
Laskar Pelangi Sekuel 2: Edensor,2013,Drama,6.6,94,French,Benni Setiawan,
Laura & Marsha,2013,Drama,6.3,7,Indonesian,Dinna Jasanti,107 min
Madre,2013,Drama,7.7,63,Indonesian,Benni Setiawan,107 min
Manusia Setengah Salmon,2013,Comedy,6,81,Indonesian,Herdanius Larobu,
Mika,2013,Drama,6.7,111,Indonesian,Lasja Fauzia,101 min
Misteri Cipularang,2013,Horror,5,14,Indonesian,Dede Ferdinand,89 min
Moga Bunda Disayang Allah,2013,Drama,7,26,Indonesian,Jose Poernomo,
Mursala,2013,Drama,6.9,18,Indonesian,Viva Westi,100 min
Operation Wedding,2013,Comedy,6.8,121,Indonesian,Monty Tiwa,
Pokun Roxy,2013,Comedy,6.1,8,Indonesian,Boy Rano,83 min
Rectoverso,2013,Drama,7.2,209,Indonesian,Olga Lydia,110 min
Refrain,2013,Drama,6.7,97,Indonesian,Fajar Nugros,110 min
Rocket Rain,2013,Drama,6.2,17,Indonesian,Anggun Priambodo,99 min
Romantini,2013,Drama,5.4,7,Indonesian,Monty Tiwa,
Salisiah Adaik,2013,Drama,9.2,19,Indonesian,Ferdinand Almi,
Sang Kiai,2013,Action,6.7,119,Indonesian,Rako Prijanto,136 min
Sang Pialang,2013,Drama,6.7,21,Indonesian,Asad Amar,112 min
Soekarno: Indonesia Merdeka,2013,Biography,7,428,Indonesian,Hanung Bramantyo,137 min
Sokola Rimba,2013,Biography,7.3,61,Indonesian,Riri Riza,90 min
Someone's Wife in the Boat of Someone's Husband,2013,Drama,6.2,23,Indonesian,Edwin,55 min
Something in the Way,2013,Drama,7.4,518,Indonesian,Teddy Soeriaatmadja,89 min
Sule Detektif Tokek,2013,Comedy,5.4,24,Indonesian,Reka Wijaya,75 min
Tak Sempurna,2013,Action,7.8,12,Indonesian,Herman Panca,86 min
Tampan Tailor,2013,Drama,7,113,Indonesian,Guntur Soeharjanto,100 min
The Empire's Throne,2013,Action,2.6,37,Indonesian,Nirattisai Kaljareuk,71 min
The Sinking of Van Der Wijck,2013,Drama,7.6,"1,023",Dutch,Sunil Soraya,164 min
True Heart,2013,Action,7.5,8,Indonesian,Ismail Sofyan Sani,108 min
V/H/S/2,2013,Horror,6,"35,414",English,Simon Barrett,96 min
Wanita Tetap Wanita,2013,Drama,6.7,19,Indonesian,Irwansyah,98 min
Yang tidak dibicarakan ketika membicarakan cinta,2013,Drama,7.1,221,Indonesian,Mouly Surya,104 min
18++: Forever Love,2012,Drama,4.7,6,Indonesian,Nayato Fio Nuala,
3 Pocong Idiot,2012,Comedy,4.7,27,Indonesian,Nayato Fio Nuala,80 min
5 cm,2012,Adventure,7.2,"1,709",Indonesian,Rizal Mantovani,125 min
Ambilkan Bulan,2012,Drama,6.9,15,Indonesian,Ifa Isfansyah,90 min
Atambua 39° Celsius,2012,Drama,6.1,41,Indonesian,Riri Riza,90 min
Bangkit dari Kubur,2012,Horror,5,22,Indonesian,Nayato Fio Nuala,
Bangkitnya Suster Gepeng,2012,Horror,4.5,13,Indonesian,K. Team,77 min
Belenggu,2012,Horror,6.2,174,Indonesian,Upi Avianto,100 min
Bidadari-Bidadari Surga,2012,Drama,6.6,34,Indonesian,Soni Gaokasak,
Bila,2012,Drama,5,9,Indonesian,Nayato Fio Nuala,84 min
Brandal-Brandal Ciliwung,2012,Drama,7.9,20,Indonesian,Guntur Soeharjanto,105 min
BrokenHearts,2012,Drama,7.2,61,Indonesian,Helfi C.H. Kardit,96 min
Cherrybelle: Love Is U,2012,Drama,7.3,9,Indonesian,Hanny Saputra,80 min
Cinta Suci Zahrana,2012,Drama,6.4,23,Indonesian,Chaerul Umam,108 min
Cinta Tapi Beda,2012,Drama,6.8,34,Indonesian,Hanung Bramantyo,
Cinta di Saku Celana,2012,Comedy,6.8,38,Indonesian,Fajar Nugros,
Cita-Citaku Setinggi Tanah,2012,Drama,6.9,29,Indonesian,Eugene Panji,75 min
Demi Ucok,2012,Drama,6.9,42,Indonesian,Sammaria Simanjuntak,79 min
Dendam dari Kuburan,2012,Horror,2.4,17,Indonesian,Nayato Fio Nuala,80 min
Di Timur Matahari,2012,Drama,8,74,Indonesian,Ari Sihasale,110 min
Enak Sama Enak,2012,Comedy,2.3,14,Indonesian,Nayato Fio Nuala,80 min
Fallin' in Love,2012,Drama,3.6,17,Indonesian,Findo Purwono,95 min
Habibie & Ainun,2012,Biography,7.6,"1,783",Indonesian,Faozan Rizal,120 min
Hattrick,2012,Action,7.7,31,Indonesian,Robert Ronny,
Hello Goodbye,2012,Drama,6.9,18,Indonesian,Titien Wattimena,110 min
Hi5teria,2012,Horror,6.7,49,Indonesian,Harvan Agustriansyah,94 min
I Love You Masbro,2012,Drama,4.7,7,Indonesian,Raymond Handaya,97 min
Jenderal Kancil: The Movie,2012,Comedy,5.7,6,Indonesian,Harry Suharyadi,85 min
Kafan Sundel Bolong,2012,Horror,3.6,23,Indonesian,Yoyok Subagyo,81 min
Kakek Cangkul,2012,Comedy,5.2,26,Indonesian,Nuri Dahlia,76 min
Kebun Binatang,2012,Drama,6.2,273,Indonesian,Edwin,95 min
Keumala,2012,Drama,7.9,10,Indonesian,Andi Pulung Waluyo,104 min
Kung Fu Pocong Perawan,2012,Comedy,3.5,31,Indonesian,Yoyok Subagyo,77 min
Kuntilanak-Kuntilanak,2012,Horror,5.4,11,Indonesian,Nayato Fio Nuala,77 min
Kutukan Arwah Santet,2012,Horror,6.4,13,Indonesian,Hanny Mustofa,81 min
Loe Gue End,2012,Drama,6.6,8,Indonesian,Awi Suryadi,
Malaikat Tanpa Sayap,2012,Drama,7.8,71,Indonesian,Rako Prijanto,104 min
Mama Cake,2012,Comedy,7.5,65,Indonesian,Anggy Umbara,137 min
Mata Tertutup,2012,Drama,6.3,40,Indonesian,Garin Nugroho,90 min
Misteri Pasar Kaget,2012,Drama,5,6,Indonesian,Wimbadi J.P.,79 min
Mother Keder: Emakku Ajaib Bener,2012,Comedy,6.2,6,Indonesian,Eko Nobel,91 min
My Last Love,2012,Drama,6.2,18,Indonesian,Nayato Fio Nuala,88 min
Negeri 5 Menara,2012,Adventure,6.9,176,Indonesian,Affandi Abdul Rachman,114 min
Nenek Gayung,2012,Comedy,4.8,41,Indonesian,Nuri Dahlia,79 min
Pacarku Kuntilanak Kembar,2012,Horror,3.5,6,Indonesian,Nuri Dahlia,80 min
Parts of the Heart,2012,Drama,6.8,25,Indonesian,Paul Agusta,90 min
Perahu Kertas,2012,Drama,7,519,Indonesian,Hanung Bramantyo,111 min
Perahu Kertas 2,2012,Drama,6.8,235,Indonesian,Hanung Bramantyo,100 min
Petualangan Singa Pemberani,2012,Animation,3.6,7,Indonesian,Lee Croudy,92 min
Pulau Hantu 3,2012,Horror,4.6,29,Indonesian,Jose Poernomo,84 min
Radio Galau FM,2012,Comedy,6.4,115,Indonesian,Iqbal Rais,94 min
"Rayya, Cahaya di Atas Cahaya",2012,Drama,7.6,42,Indonesian,Viva Westi,100 min
Republik Twitter,2012,Drama,7.3,54,Indonesian,Kuntz Agus,105 min
Rumah Bekas Kuburan,2012,Horror,3.7,9,Indonesian,Irwan Siregar,79 min
Rumah Hantu Pasar Malam,2012,Horror,3.6,12,Indonesian,Arie Azis,74 min
Rumah Kentang,2012,Horror,5.9,76,Indonesian,Jose Poernomo,102 min
Rumah dan Musim Hujan,2012,Comedy,7.4,65,Indonesian,Ifa Isfansyah,100 min
Rumah di Seribu Ombak,2012,Drama,7,29,Indonesian,Erwin Arnada,107 min
Sampai Ujung Dunia,2012,Drama,8,37,Indonesian,Monty Tiwa,
Sang Martir,2012,Drama,6.7,7,Indonesian,Helfi C.H. Kardit,98 min
Santet Kuntilanak,2012,Horror,3.1,7,Indonesian,Nayato Fio Nuala,77 min
Sanubari Jakarta,2012,Drama,6.6,15,Indonesian,Lola Amaria,100 min
Seandainya,2012,Drama,6.3,7,Indonesian,Nayato Fio Nuala,82 min
Soegija,2012,Biography,6.2,117,Indonesian,Garin Nugroho,115 min
"Sule, Ay Need You",2012,Comedy,7.1,56,Indonesian,Cuk Fk,
Tali Pocong Perawan 2,2012,Horror,4.2,20,Indonesian,Volkan Maida,84 min
Tanah Surga... Katanya,2012,Drama,6.9,102,Indonesian,Herwin Novianto,91 min
Test Pack,2012,Comedy,7.1,134,Indonesian,Monty Tiwa,105 min
The Witness,2012,Drama,6.3,39,English,Muhammad Yusuf,
Toilet Blues,2012,Drama,6.2,18,Indonesian,Dirmawan Hatta,87 min
Ummi Aminah,2012,Drama,7.6,16,Indonesian,Aditya Gumay,104 min
Vakansi yang Janggal dan Penyakit Lainnya,2012,Drama,4.7,57,Indonesian,Yosep Anggi Noen,90 min
Xia aimei,2012,Drama,7.6,9,Indonesian,Alyandra,73 min
13 Cara Memanggil Setan,2011,Horror,5.3,19,Indonesian,A. Liong Wong,80 min
Ada Apa dengan Pocong?,2011,Comedy,5.2,27,Indonesian,Nayato Fio Nuala,
Akibat Pergaulan Bebas 2,2011,Drama,3.2,20,Indonesian,Findo Purwono,
Anakluh,2011,Drama,7.2,6,Indonesian,Edward Sirait,89 min
Arisan! 2,2011,Comedy,6.6,157,Indonesian,Nia Di Nata,119 min
Arwah Goyang Karawang,2011,Comedy,2.9,35,Indonesian,Helfi C.H. Kardit,90 min
Arwah Kuntilanak Duyung,2011,Comedy,2.8,35,Indonesian,Yoyok Subagyo,77 min
"Ayah, Mengapa Aku Berbeda?",2011,Drama,6.7,25,Indonesian,Findo Purwono,99 min
Badai di Ujung Negeri,2011,Adventure,7.6,37,Indonesian,Agung Sentausa,
Baik-Baik Sayang,2011,Drama,6.7,11,Indonesian,Somad Sutedja,95 min
Batas,2011,Drama,7.5,26,Indonesian,Rudy Soedjarwo,
Belkibolang,2011,Drama,5.7,18,Indonesian,Edwin,87 min
Bukan Pocong Biasa,2011,Comedy,5.4,30,Indonesian,Nayato Fio Nuala,80 min
Catatan (Harian) Si Boy,2011,Action,6.8,125,Indonesian,Putrama Tuta,96 min
Cewek Gokil,2011,Comedy,5.9,13,Indonesian,Rizal Mantovani,
Cewek Saweran,2011,Drama,5,7,Indonesian,Eddie Cahyono,84 min
Cowok Bikin Pusing,2011,Drama,4.8,13,Indonesian,Winalda E.,86 min
Dedemit Gunung Kidul,2011,Horror,3.7,18,Indonesian,Yoyok Subagyo,90 min
Di Bawah Lindungan Ka'bah,2011,Drama,7.4,92,Indonesian,Hanny Saputra,121 min
Dilema,2011,Crime,7.2,61,Indonesian,Adilla Dimitri,100 min
Enter the Hamster,2011,Action,6.3,7,English,Paul Vorrasi,103 min
Garuda di Dadaku 2,2011,Drama,6.4,104,Indonesian,Rudy Soedjarwo,100 min
Get Married 3,2011,Comedy,5.5,39,Indonesian,Monty Tiwa,95 min
Hafalan Shalat Delisa,2011,Drama,7.2,98,Indonesian,Soni Gaokasak,102 min
Jenglot Pantai Selatan,2011,Horror,4,66,Indonesian,Rizal Mantovani,78 min
Kalung Jailangkung,2011,Horror,5.8,11,Indonesian,Nayato Fio Nuala,80 min
Kehormatan di Balik Kerudung,2011,Drama,6.2,13,Indonesian,Tya Subiakto Satrio,105 min
Kejarlah Jodoh Kau Kutangkap,2011,Comedy,6.4,25,Indonesian,Indrayanto Kurniawan,103 min
Kentut,2011,Comedy,4.8,25,Indonesian,Aria Kusumadewa,90 min
Kepergok Pocong,2011,Comedy,4.6,11,Indonesian,Nayato Fio Nuala,78 min
Keranda Kuntilanak,2011,Comedy,3.2,16,Indonesian,Nayato Fio Nuala,83 min
Khalifah,2011,Drama,6.6,14,Indonesian,Nurman Hakim,90 min
Kuntilanak Kesurupan,2011,Comedy,2.4,20,Indonesian,Nayato Fio Nuala,79 min
Langit Biru,2011,Drama,6.6,16,Indonesian,Lasja Fauzia,93 min
Laut Bercermin,2011,Drama,7.1,78,Indonesian,Kamila Andini,100 min
Lima Elang,2011,Family,7.1,52,Indonesian,Rudy Soedjarwo,88 min
Lost in Papua,2011,Adventure,6.5,13,Indonesian,Irham Acho Bahtiar,100 min
Love Story,2011,Drama,7.3,27,Indonesian,Hanny Saputra,96 min
Lovely Man,2011,Drama,7.2,208,Indonesian,Teddy Soeriaatmadja,76 min
Masih Bukan Cinta Biasa,2011,Drama,6.8,19,Indonesian,Benni Setiawan,98 min
Mati Muda di Pelukan Janda,2011,Comedy,2.5,6,Indonesian,Helfi C.H. Kardit,82 min
Milli & Nathan,2011,Drama,7.6,37,Indonesian,Hanny Saputra,89 min
Misteri Hantu Selular,2011,Horror,6.2,11,Indonesian,Indra Tirtana,
Mortal Enemies,2011,Action,6.1,105,English,Asun Mawardi,103 min
My Blackberry Girlfriend,2011,Comedy,5.2,16,Indonesian,Findo Purwono,83 min
Oh Tidak..!,2011,Comedy,4.7,7,Indonesian,Ardy Octaviand,89 min
Pacar Hantu Perawan,2011,Comedy,3.8,39,Indonesian,Yoyok Subagyo,76 min
Pelet Kuntilanak,2011,Horror,3.5,11,Indonesian,Nayato Fio Nuala,
Pelukan Janda Hantu Gerondong,2011,Horror,4,20,Indonesian,Helfi C.H. Kardit,
Pengejar Angin,2011,Drama,6.8,23,Indonesian,Hanung Bramantyo,101 min
Perempuan² Liar,2011,Comedy,6.1,16,Indonesian,Rako Prijanto,81 min
Pocong Kesetanan!,2011,Comedy,4.8,20,Indonesian,Nayato Fio Nuala,76 min
Pocong Mandi Goyang Pinggul,2011,Comedy,1.8,158,Indonesian,Yoyok Subagyo,90 min
Pocong Minta Kawin,2011,Comedy,7.1,12,Indonesian,Nayato Fio Nuala,84 min
Pocong Ngesot,2011,Comedy,2.8,17,Indonesian,Nayato Fio Nuala,79 min
Poconggg Juga Pocong,2011,Comedy,6.2,39,Indonesian,Nayato Fio Nuala,78 min
Pupus,2011,Drama,7,31,Indonesian,Rizal Mantovani,99 min
Purple Love,2011,Drama,6.2,13,Indonesian,Guntur Soeharjanto,99 min
Red and White III: Hearts of Freedom,2011,Action,6.2,131,Indonesian,Conor Allyn,
Rumah Tanpa Jendela,2011,Drama,7.2,56,Indonesian,Aditya Gumay,100 min
Sajadah Ka'bah,2011,Action,6.6,7,Indonesian,Rhoma Irama,107 min
Sang Penari,2011,Drama,7.1,243,Indonesian,Ifa Isfansyah,112 min
Semesta Mendukung,2011,Drama,6.9,18,Indonesian,John de Rantau,101 min
Serdadu Kumbang,2011,Drama,7.2,29,Indonesian,Ari Sihasale,106 min
Setannya Kok Masih Ada,2011,Comedy,4.5,13,Indonesian,Muchyar Syamas,83 min
Skandal,2011,Drama,5,20,Indonesian,Jose Poernomo,83 min
Surat Kecil Untuk Tuhan,2011,Biography,6.3,100,Indonesian,Harris Nizam,105 min
Suster Keramas 2,2011,Comedy,3.9,53,Indonesian,Findo Purwono,80 min
Tanda Tanya,2011,Drama,7.1,188,Indonesian,Hanung Bramantyo,100 min
Tarung: City of the Darkness,2011,Action,6.2,69,Indonesian,Nayato Fio Nuala,84 min
Tebus,2011,Crime,4.4,13,Indonesian,Muhammad Yusuf,100 min
Tendangan dari Langit,2011,Drama,7.1,67,Indonesian,Hanung Bramantyo,118 min
The Mentalist,2011,Action,7.2,183,Indonesian,Walmer Sitohang,90 min
The Perfect House,2011,Thriller,6.6,18,Indonesian,Affandi Abdul Rachman,96 min
The Raid: Redemption,2011,Action,7.6,"187,222",Indonesian,Gareth Evans,101 min
The Tarix Jabrix 3,2011,Comedy,7.8,43,Indonesian,Iqbal Rais,92 min
Tumbal Jailangkung,2011,Horror,5.3,9,Indonesian,Nayato Fio Nuala,82 min
Virgin 3: Satu Malam Mengubah Segalanya,2011,Drama,6.1,12,Indonesian,Nayato Fio Nuala,82 min
18+,2010,Drama,4.8,104,Indonesian,Nayato Fio Nuala,
"3 Hati, Dua Dunia, Satu Cinta",2010,Comedy,6.9,148,Indonesian,Benni Setiawan,100 min
3 Pejantan Tanggung,2010,Comedy,4.7,12,Indonesian,Iqbal Rais,82 min
"7 Hati, 7 Cinta, 7 Wanita",2010,Drama,7.4,10,Indonesian,Robby Ertanto,94 min
Affair,2010,Horror,4.2,61,Indonesian,Nayato Fio Nuala,75 min
Akibat Pergaulan Bebas,2010,Drama,4.3,27,Indonesian,Nayato Fio Nuala,
Aku atau Dia?,2010,Comedy,6.3,11,Indonesian,Affandi Abdul Rachman,
Alangkah Lucunya (Negeri Ini),2010,Comedy,7.2,230,Indonesian,Deddy Mizwar,104 min
Arisan Brondong,2010,Comedy,4.4,26,Indonesian,Helfi C.H. Kardit,
Bebek Belur,2010,Comedy,4.9,18,Indonesian,Adrianto Sinaga,108 min
Belum Cukup Umur,2010,Drama,6.4,7,Indonesian,Nayato Fio Nuala,
"Cin... Tetangga Gue, Kuntilanak!",2010,Comedy,5.1,9,Indonesian,Yan Senjaya,
Cinta 2 Hati,2010,Drama,6.7,17,Indonesian,Benni Setiawan,
Dalam Mihrab Cinta,2010,Drama,7.6,49,Indonesian,Habiburrahman El Shirazy,
Dawai 2 Asmara,2010,Comedy,7.1,14,Indonesian,Asep Kusdinar,113 min
Demi Dewi,2010,Drama,5.3,7,Indonesian,Charles Gozali,
Dendam Pocong Mupeng,2010,Horror,3.9,7,Indonesian,Steady Rimba,
Di Dasar Segalanya,2010,Drama,6.1,12,Indonesian,Paul Agusta,84 min
Gaby dan Lagunya,2010,Drama,6.9,17,Indonesian,Nayato Fio Nuala,90 min
Hantu Puncak Datang Bulan,2010,Comedy,4.2,33,Indonesian,Steady Rimba,
Hantu Tanah Kusir,2010,Horror,4.4,27,Indonesian,Findo Purwono,
Hari Untuk Amanda,2010,Drama,7.6,90,Indonesian,Angga Dwimas Sasongko,
Heart 2 Heart,2010,Drama,8.4,75,Indonesian,Nayato Fio Nuala,90 min
I Know What You Did on Facebook,2010,Comedy,4.9,19,Indonesian,Awi Suryadi,90 min
Istri Bo'ongan,2010,Drama,3.9,8,Indonesian,Arie Azis,90 min
Jakarta Maghrib,2010,Drama,7.5,59,Indonesian,Salman Aristo,75 min
Jejak Darah,2010,Horror,6,6,Indonesian,Nur Hidayat,94 min
Jinx,2010,Comedy,3,7,Indonesian,Muhammad Yusuf,100 min
Kabayan Jadi Milyuner,2010,Comedy,4.9,13,Indonesian,Guntur Soeharjanto,105 min
Kain Kafan Perawan,2010,Horror,4.3,34,Indonesian,Nayato Fio Nuala,85 min
Laskar Pemimpi,2010,Comedy,5.7,27,Indonesian,Monty Tiwa,
"Lihat Boleh, Pegang Jangan",2010,Comedy,2.9,10,Indonesian,Findo Purwono,95 min
London Virginia,2010,Comedy,7.2,6,Indonesian,Cheverly Amalia,95 min
Love in Perth,2010,Drama,5.8,46,Indonesian,Findo Purwono,90 min
Madame X,2010,Action,6.4,58,Indonesian,Lucky Kuswandi,100 min
Mafia Insyaf,2010,Action,4.7,21,Indonesian,Otoy Witoyo,
Melodi,2010,Drama,7.4,7,Indonesian,Harry Suharyadi,95 min
Menculik Miyabi,2010,Action,3.4,136,Indonesian,Findo Purwono,85 min
Menebus Impian,2010,Drama,6.1,14,Indonesian,Hanung Bramantyo,
Minggu Pagi di Victoria Park,2010,Drama,7.5,69,Indonesian,Lola Amaria,97 min
Nakalnya Anak Muda,2010,Horror,4,12,Indonesian,Nayato Fio Nuala,75 min
Ngebut Kawin,2010,Comedy,6,11,Indonesian,Guntur Soeharjanto,
Not for Sale,2010,Drama,4,11,Indonesian,Nayato Fio Nuala,85 min
Obama Anak Menteng,2010,Drama,6.1,18,Indonesian,John de Rantau,
Pemburu Hantu: The Movie,2010,Horror,5.1,10,Indonesian,Alamsyah,81 min
Pengakuan Seorang Pelacur,2010,Drama,5.6,10,Indonesian,Andrew Timothy,83 min
Pengantin Pantai Biru,2010,Horror,2.5,26,Indonesian,Nayato Fio Nuala,74 min
Pengantin Sunat,2010,Comedy,3,14,Indonesian,Rako Prijanto,
Pengantin Topeng,2010,Drama,7.1,10,Indonesian,Awi Suryadi,
Perjaka Terakhir 2,2010,Comedy,4.6,14,Indonesian,Jacky,
Pocong Jumat Kliwon,2010,Comedy,3,17,Indonesian,Nayato Fio Nuala,77 min
Pocong Keliling,2010,Comedy,4.2,38,Indonesian,Viva Westi,
Pocong Rumah Angker,2010,Horror,5.7,17,Indonesian,Nayato Fio Nuala,
Raped by Saitan (Diperkosa Setan),2010,Horror,5.1,34,Indonesian,Petruska Karangan,84 min
Ratu KostMopolitan,2010,Comedy,6,20,Indonesian,Ody C. Harahap,85 min
Rayuan Arwah Penasaran,2010,Horror,3.4,9,Indonesian,Ferry Ipey Assad,90 min
Red CobeX,2010,Comedy,5.8,24,Indonesian,Upi Avianto,105 min
Red and White II: Blood of Eagles,2010,Action,6.8,247,Indonesian,Conor Allyn,100 min
Rintihan Kuntilanak Perawan,2010,Horror,4,68,Indonesian,Yoyok Subagyo,90 min
Roman Picisan,2010,Drama,6.2,11,Indonesian,Rako Prijanto,85 min
SKJ: Seleb Kota Jogja,2010,Comedy,6.7,35,Indonesian,Lakonde,
Sang Pencerah,2010,Biography,6.8,209,Indonesian,Hanung Bramantyo,
Satu Jam Saja,2010,Drama,7,42,Indonesian,Ario Rubbik,
Sehidup (Tak) Semati,2010,Drama,6.6,7,Indonesian,Iqbal Rais,
Selimut Berdarah,2010,Thriller,4,6,Indonesian,Ferry Ipey Assad,90 min
Senggol Bacok,2010,Comedy,5.9,19,Indonesian,Iqbal Rais,100 min
Setan Facebook,2010,Horror,4.1,22,Indonesian,Helfi C.H. Kardit,
Sst... Jadikan Aku Simpanan,2010,Drama,5,8,Indonesian,Hanny Saputra,
Susah Jaga Keperawanan di Jakarta,2010,Comedy,4.5,11,Indonesian,Joko Nugroho,90 min
Sweetheart,2010,Drama,6,7,Indonesian,Hanny Saputra,
Tanah Air Beta,2010,Drama,8,36,Indonesian,Ari Sihasale,
Taring,2010,Horror,5.2,20,Indonesian,Rizal Mantovani,90 min
Te[rekam],2010,Horror,3.6,14,Indonesian,Nayato Fio Nuala,75 min
The God Babe,2010,Comedy,3.8,8,Indonesian,Arie Azis,
Tiran: Mati di Ranjang,2010,Horror,3.8,21,Indonesian,Arie Azis,
Toilet 105,2010,Horror,5.2,45,Indonesian,Hartawan Triguna,
Ai Lop Yu Pul,2009,Comedy,3.4,11,Indonesian,Winaldha E. Melalatoa,82 min
Air Terjun Pengantin,2009,Horror,3.5,190,Indonesian,Rizal Mantovani,80 min
Anak Setan,2009,Horror,5.4,19,Indonesian,Allo Geaffary,
Asmara Dua Diana,2009,Comedy,5.4,24,Indonesian,Awi Suryadi,
Benci Disko,2009,Comedy,2.8,19,Indonesian,Rako Prijanto,89 min
Bukan Cinta Biasa,2009,Comedy,6.2,38,Indonesian,Benni Setiawan,110 min
Bukan Malin Kundang,2009,Comedy,6.1,20,Indonesian,Iqbal Rais,90 min
Capres: Calo Presiden,2009,Comedy,5.5,8,Indonesian,Toto Hoedi,90 min
Cin(T)a,2009,Drama,7.1,224,Indonesian,Sammaria Simanjuntak,79 min
Darah Janda Kolong Wewe,2009,Horror,3.3,14,Indonesian,Mamahit Luigi Donie,90 min
Darah Perawan Bulan Madu,2009,Horror,4.8,21,Indonesian,Hartawan Triguna,87 min
Dikejar Setan,2009,Horror,5,7,Indonesian,Harry Suharyadi,98 min
Emak Ingin Naik Haji,2009,Drama,6.9,138,Indonesian,Aditya Gumay,98 min
Garuda di Dadaku,2009,Drama,6.6,236,Indonesian,Ifa Isfansyah,97 min
Get Married 2,2009,Comedy,6.1,76,Indonesian,Hanung Bramantyo,
Glitch: Tersesat dalam Waktu,2009,Sci-Fi,4.4,7,Indonesian,David Purnomo,
Hantu Biang Kerok,2009,Comedy,3.1,8,Indonesian,We We,100 min
Hantu Binal Jembatan Semanggi,2009,Horror,4.7,25,Indonesian,Gunung Nusa Pelita,
Hantu Jamu Gendong,2009,Horror,3.8,27,Indonesian,Nayato Fio Nuala,90 min
Hantu Rumah Ampera,2009,Horror,4.9,16,Indonesian,Rudy Soedjarwo,87 min
Heart-Break.com,2009,Comedy,6.4,19,Indonesian,Affandi Abdul Rachman,105 min
Identitas,2009,Drama,6.6,36,Indonesian,Aria Kusumadewa,92 min
Jagad X Code,2009,,5.9,37,Indonesian,Herwin Novianto,
Jamila dan Sang Presiden,2009,Drama,6.8,48,Indonesian,Ratna Sarumpaet,87 min
Janda Kembang,2009,Comedy,4.3,18,Indonesian,Lakonde,
Jeritan Kuntilanak,2009,Horror,4.4,17,Indonesian,Nayato Fio Nuala,90 min
Kambing Jantan,2009,Comedy,5.6,198,Indonesian,Rudy Soedjarwo,118 min
Kata Maaf Terakhir,2009,Drama,5.8,6,Indonesian,Maruli Ara,
Kawin Laris,2009,Comedy,6,10,Indonesian,Cassandra Massardi,92 min
Keramat,2009,Horror,6.8,269,Indonesian,Monty Tiwa,80 min
Ketika Cinta Bertasbih,2009,Drama,6,177,Indonesian,Chaerul Umam,120 min
Ketika Cinta Bertasbih 2,2009,Drama,6.2,107,Indonesian,Chaerul Umam,120 min
King,2009,Drama,6.9,49,Indonesian,Ari Sihasale,
Kirun + Adul,2009,Comedy,6.2,25,Indonesian,Jose Poernomo,
Kisah Nyata Kereta Setan Manggarai,2009,Horror,3.8,20,Indonesian,Nanang Istiabudi,90 min
Krazy Crazy Krezy...,2009,Comedy,3.3,9,Indonesian,Rako Prijanto,97 min
Kuntilanak Beranak,2009,Horror,4.9,54,Indonesian,Nayato Fio Nuala,
Kutukan Suster Ngesot,2009,Horror,3.8,24,Indonesian,David Purnomo,90 min
Macabre,2009,Drama,6.5,"2,846",Indonesian,Kimo Stamboel,95 min
Maling Kutang,2009,Comedy,3.5,24,Indonesian,Rako Prijanto,
Mati Suri,2009,Horror,5.5,59,Indonesian,Rizal Mantovani,90 min
Mau Dong... Ah,2009,Comedy,1.9,8,Indonesian,Christian Pauli,90 min
Merah Putih,2009,Action,6.2,310,Indonesian,Yadi Sugandi,
Merantau,2009,Action,6.7,"9,991",Indonesian,Gareth Evans,134 min
Nazar,2009,Comedy,2.8,6,Indonesian,Sofyan D. Surza,
Paku Kuntilanak,2009,Horror,4.7,28,Indonesian,Findo Purwono,76 min
Perempuan Berkalung Sorban,2009,Drama,6.7,120,Indonesian,Hanung Bramantyo,131 min
Perjaka Terakhir,2009,Drama,3.6,14,Indonesian,Arie Azis,90 min
Pijat Atas Tekan Bawah,2009,Comedy,2.5,15,Indonesian,K.K. Dheeraj,90 min
Pintu Terlarang,2009,Horror,6.8,"1,803",Indonesian,Joko Anwar,115 min
Pocong Jalan Blora,2009,Horror,3.6,17,Indonesian,Nayato Fio Nuala,80 min
Pocong Kamar Sebelah,2009,Horror,4.1,21,Indonesian,Nayato Fio Nuala,
Pocong Setan Jompo,2009,Horror,2.9,11,Indonesian,Findo Purwono,89 min
Preman in Love,2009,Comedy,6.7,46,Indonesian,Rako Prijanto,100 min
Punk in Love,2009,Adventure,6.6,167,Indonesian,Ody C. Harahap,
Putih Abu-Abu dan Sepatu Kets,2009,Drama,4.3,18,Indonesian,Nayato Fio Nuala,80 min
Queen Bee,2009,Drama,4.6,21,Indonesian,Fajar Nugros,107 min
Rasa,2009,Action,7,20,Indonesian,Charles Gozali,
Romeo Juliet,2009,Drama,7.5,69,Indonesian,Andibachtiar Yusuf,104 min
Ruma Maida,2009,Drama,7.2,24,Indonesian,Teddy Soeriaatmadja,90 min
SMS: Suka Ma Suka,2009,Comedy,5,13,Indonesian,Encep Masduki,
Sang Pemimpi,2009,Adventure,6.8,352,Indonesian,Riri Riza,120 min
Satu Rumpun?,2009,Comedy,8.2,6,Indonesian,Arci Fadillah,90 min
Selendang Rocker,2009,Comedy,6.1,12,Indonesian,Awi Suryadi,89 min
Sepuluh,2009,Drama,5.7,15,Indonesian,Henry Riady,
Serigala Terakhir,2009,Action,6.7,255,Indonesian,Upi Avianto,110 min
Setan Budeg,2009,Horror,4.2,41,Indonesian,Findo Purwono,
Sumpah (Ini) Pocong!,2009,Comedy,4,22,Indonesian,Helfi C.H. Kardit,
Suster Keramas,2009,Comedy,3,42,Indonesian,Helfi C.H. Kardit,82 min
Susuk Pocong,2009,Horror,2.9,20,Indonesian,Findo Purwono,
Terowongan Rumah Sakit,2009,Horror,5.5,6,Indonesian,Helfi C.H. Kardit,90 min
The Ghost of Mortuary,2009,Horror,5.1,38,Indonesian,Nayato Fio Nuala,85 min
The Maling Kuburans,2009,Comedy,6.6,9,Indonesian,Dwi Ilalang,90 min
The Police,2009,Action,6,16,Indonesian,A. Leung Wong,90 min
The Real Pocong,2009,Horror,5.3,24,Indonesian,Hanny Saputra,
The Tarix Jabrix 2,2009,Comedy,5.8,43,Indonesian,Iqbal Rais,
Virgin 2: Bukan Film Porno,2009,Drama,5.5,58,Indonesian,Nayato Fio Nuala,
Wakil Rakyat,2009,Comedy,5.5,20,Indonesian,Monty Tiwa,
XXL: Double Extra Large,2009,Comedy,4.5,24,Indonesian,Ivander Tedjasukmana,90 min
3 Doa 3 Cinta,2008,Drama,6.7,76,Indonesian,Nurman Hakim,114 min
40 Hari Bangkitnya Pocong,2008,Horror,4.8,42,Indonesian,Rudy Soedjarwo,90 min
"Ada Kamu, Aku Ada",2008,Drama,5.2,26,Indonesian,Rizal Mantovani,
Anda Puas Saya Loyo,2008,Comedy,2.8,6,Indonesian,K.K. Dheeraj,82 min
Asoy Geboy,2008,Comedy,2.2,6,Indonesian,Arie Azis,
Babi Buta yang Ingin Terbang,2008,Drama,6.1,215,Indonesian,Edwin,77 min
Barbi3,2008,,3.4,17,Indonesian,Monty Tiwa,
Basahhh...,2008,Comedy,6.7,23,Indonesian,M. Haikal,89 min
Best Friend?,2008,,6.9,15,Indonesian,Fajar Bustomi,
Chika,2008,Drama,7.3,23,Indonesian,Rocky Soraya,
Cinlok,2008,Comedy,4.5,20,Indonesian,Guntur Soeharjanto,90 min
Cinta Setaman,2008,Drama,6,17,Indonesian,Harry Suharyadi,
Claudia/Jasmine,2008,Comedy,7.5,55,Indonesian,Awi Suryadi,
Coblos Cinta,2008,Comedy,2.7,7,Indonesian,Findo Purwono,90 min
D.O. (Drop Out),2008,Comedy,4.8,45,Indonesian,Winaldha E. Melalatoa,
Di Bawah Pohon,2008,Drama,6.7,49,Indonesian,Garin Nugroho,104 min
Doa yang Mengancam,2008,Drama,6.1,37,Indonesian,Hanung Bramantyo,90 min
Drupadi,2008,Drama,5.8,40,Indonesian,Riri Riza,45 min
Fiksi.,2008,Thriller,7.5,296,Indonesian,Mouly Surya,90 min
From Bandung with Love,2008,Drama,6.6,29,Indonesian,Henry Adianto,80 min
Gara-Gara Bola,2008,Comedy,5.3,40,Indonesian,Agasyah Karim,75 min
Hantu Aborsi,2008,Horror,2.6,14,Indonesian,Toto Hoedi,90 min
Hantu Ambulance,2008,Horror,3.1,29,Indonesian,Nayato Fio Nuala,
Hantu Jembatan Ancol,2008,Horror,3.7,23,Indonesian,Arie Azis,90 min
Hantu Perawan Jeruk Purut,2008,Horror,2.7,22,Indonesian,Nayato Fio Nuala,80 min
In the Name of Love,2008,Drama,5.3,35,Indonesian,Rudy Soedjarwo,127 min
Kado Hari Jadi,2008,Thriller,4.3,16,Indonesian,Paul Agusta,
Kalau Cinta Jangan Cengeng,2008,Drama,4.6,9,Indonesian,Monty Tiwa,112 min
Karma,2008,Thriller,7,32,Indonesian,Allan Lunardi,90 min
Kawin Kontrak,2008,Comedy,4.8,44,Indonesian,Ody C. Harahap,
Kawin Kontrak Lagi,2008,Comedy,4.4,34,Indonesian,Ody C. Harahap,
Kekasih,2008,Drama,5.2,5,Indonesian,Wisnu Adi,90 min
Kereta Hantu Manggarai,2008,Horror,5.1,195,Indonesian,Nayato Fio Nuala,89 min
Kesurupan,2008,Horror,4.4,26,Indonesian,Rizal Mantovani,99 min
Ku Tunggu Jandamu,2008,Comedy,3.2,19,Indonesian,Findo Purwono,
Kun fayakuun,2008,Drama,6.7,14,Indonesian,Guntur Novaris,
Kuntilanak 3,2008,Horror,5.3,169,Indonesian,Rizal Mantovani,
Laskar Pelangi,2008,Adventure,7.8,"2,045",Indonesian,Riri Riza,124 min
Liar,2008,,4.6,11,Indonesian,Rudy Soedjarwo,
Lost in Love,2008,Drama,6.7,85,Indonesian,Rachmania Arunita,126 min
Love,2008,Drama,6.5,76,Indonesian,Kabir Bhatia,102 min
MBA: Married by Accident,2008,Comedy,6,20,Indonesian,Winaldha E. Melalatoa,
Mas Suka Masukin Aja,2008,Comedy,1.4,9,Indonesian,Rully Manna,90 min
May,2008,Drama,5.3,7,Indonesian,Viva Westi,105 min
Mengaku Rasul,2008,Drama,6,13,Indonesian,Helfi C.H. Kardit,
"Mereka Bilang, Saya Monyet!",2008,Drama,6.7,43,Indonesian,Djenar Maesa Ayu,
Merem Melek,2008,Comedy,3,8,Indonesian,Nayato Fio Nuala,
Mupeng,2008,Comedy,4,14,Indonesian,Awi Suryadi,
Namaku Dick,2008,Comedy,4.3,35,Indonesian,Teddy Soeriaatmadja,90 min
Oh Baby,2008,Drama,5.5,73,Indonesian,Cassandra Massardi,
"Oh, My God!",2008,Comedy,4.2,15,Indonesian,Rako Prijanto,
Otomatis Romantis,2008,Comedy,6.2,54,Indonesian,Guntur Soeharjanto,100 min
Pencarian Terakhir,2008,Adventure,7.2,39,Indonesian,Affandi Abdul Rachman,90 min
Pocong vs. Kuntilanak,2008,Horror,2.8,17,Indonesian,David Purnomo,90 min
Pulau Hantu 2,2008,Horror,3.8,36,Indonesian,Jose Poernomo,
Radit & Jani,2008,Drama,6.9,276,Indonesian,Upi Avianto,
Sarang Kuntilanak,2008,Horror,3.5,16,Indonesian,Nayato Fio Nuala,90 min
Saus Kacang,2008,Drama,5,21,Indonesian,Indrayanto Kurniawan,
Setannya Kok Beneran?,2008,Comedy,4.3,18,Indonesian,Muchyar Syamas,90 min
Si Jago Merah,2008,Comedy,5.7,46,Indonesian,Iqbal Rais,
Skandal Cinta Babi Ngepet,2008,Romance,1.5,13,Indonesian,K.K. Dheeraj,91 min
Suami-Suami Takut Istri: The Movie,2008,Comedy,3.5,32,Indonesian,Sofyan D. Surza,
Summer Breeze,2008,Romance,6.8,18,Indonesian,Allan Lunardi,
Sumpah Pocong di Sekolah,2008,Drama,4.5,42,Indonesian,Awi Suryadi,
Susahnya Jadi Perawan,2008,Comedy,4,10,Indonesian,Mirwan Suwarso,90 min
Syahadat Cinta,2008,Drama,8,12,Indonesian,Gunawan Paggaru,
Takut: Faces of Fear,2008,Horror,5.9,248,Indonesian,Robby Ertanto,
Tali Pocong Perawan,2008,Horror,3.4,58,Indonesian,Arie Azis,105 min
Tarzan ke Kota,2008,Comedy,3.8,6,Indonesian,Reka Wijaya,90 min
The Shaman,2008,Horror,5.9,16,Indonesian,Raditya Sidharta,
The Tarix Jabrix,2008,Comedy,6.7,90,Indonesian,Iqbal Rais,95 min
Tiren: Mati Kemaren,2008,Horror,3.2,21,Indonesian,Emil G. Hampp,90 min
Tri Mas Getir,2008,Comedy,5,22,Indonesian,Rako Prijanto,97 min
Tulalit,2008,Comedy,3.1,7,Indonesian,Saptadji,93 min
Verses of Love,2008,Drama,7.1,981,Indonesian,Hanung Bramantyo,130 min
Want More?,2008,Comedy,4.9,16,Indonesian,Thomas Nawilis,90 min
"XL: Extra Large - Antara Aku, Kau, dan Mak Erot",2008,Drama,4.8,34,Indonesian,Monty Tiwa,
3 Hari Untuk Selamanya,2007,Comedy,7.1,305,Indonesian,Riri Riza,104 min
Angkerbatu,2007,Horror,4.9,30,Indonesian,Jose Poernomo,
Badai Pasti Berlalu,2007,Drama,6.7,33,Indonesian,Teddy Soeriaatmadja,90 min
Beranak dalam Kubur,2007,Horror,3.1,27,Indonesian,Freddy Lingga,90 min
Bukan Bintang Biasa,2007,,4.3,46,Indonesian,Lasja Fauzia,
Dead Time,2007,Crime,7,875,Indonesian,Joko Anwar,102 min
Enam,2007,Horror,5.8,12,Indonesian,Stephen Odang,97 min
Film Horor,2007,Comedy,5.2,32,Indonesian,Toto Hoedi,115 min
Genderuwo,2007,Horror,1.7,30,Indonesian,K.K. Dheeraj,
Get Married,2007,Comedy,6.5,216,Indonesian,Hanung Bramantyo,105 min
Hantu,2007,Horror,5.8,38,Indonesian,Adrianto Sinaga,95 min
Jelangkung 3,2007,Horror,4.7,23,Indonesian,Angga Dwimas Sasongko,90 min
Kangen,2007,Drama,5.8,14,Indonesian,Nayato Fio Nuala,90 min
Kuntilanak 2,2007,Horror,5.7,155,Indonesian,Rizal Mantovani,
Lantai 13,2007,Horror,4.8,35,Indonesian,Helfi C.H. Kardit,
Lari dari Blora,2007,Drama,5.6,8,Indonesian,Akhlis Suryapati,
Lawang Sewu,2007,Horror,5.2,79,Indonesian,Arie Azis,112 min
Legenda Sundel Bolong,2007,Horror,5,23,Indonesian,Hanung Bramantyo,91 min
Long Road to Heaven,2007,Drama,6.9,45,English,Enison Sinaro,120 min
Lotus Requiem,2007,Drama,7.5,70,Indonesian,Upi Avianto,105 min
Love Is Cinta,2007,Drama,5.6,132,Indonesian,Hanny Saputra,
Malam Jumat Kliwon,2007,Horror,2.2,29,Indonesian,Nayato Fio Nuala,90 min
Medley,2007,Drama,6.4,8,Indonesian,Franklin Darmadi,97 min
Mengejar Mas Mas,2007,Comedy,7.3,45,Indonesian,Rudy Soedjarwo,94 min
Miracle: Menantang Maut,2007,Horror,3.6,14,Indonesian,Helfi C.H. Kardit,98 min
Naga Bonar Jadi 2,2007,Comedy,7.1,397,Indonesian,Deddy Mizwar,118 min
Pocong 3,2007,Horror,5.1,44,Indonesian,Monty Tiwa,
Pulau Hantu,2007,Horror,3.9,39,Indonesian,Jose Poernomo,91 min
Quickie Express,2007,Comedy,6.9,360,Indonesian,Dimas Djayadiningrat,
Roh,2007,Horror,4.4,11,Indonesian,Atok Suharto,
Selamanya,2007,Drama,7,45,Indonesian,Ody C. Harahap,
Suster N,2007,Horror,4.3,27,Indonesian,Viva Westi,
Suster Ngesot,2007,Horror,4.9,39,Indonesian,Arie Azis,87 min
Tentang Cinta,2007,Drama,7.9,54,Indonesian,Soni Gaokasak,90 min
Terowongan Casablanca,2007,Horror,3.9,40,Indonesian,Nanang Istiabudi,
The Butterfly,2007,Drama,6.4,21,Indonesian,Nayato Fio Nuala,85 min
The Photograph,2007,Drama,6.8,179,Indonesian,Nan Triveni Achnas,94 min
The Wall,2007,Horror,4.6,8,Indonesian,Kumar Pareek,
9 Naga,2006,Crime,6.5,119,Indonesian,Rudy Soedjarwo,104 min
Bangku Kosong,2006,Horror,5.8,49,Indonesian,Helfi C.H. Kardit,
Berbagi Suami,2006,Comedy,7.5,379,Indonesian,Nia Di Nata,
Betina,2006,Drama,7.6,5,Indonesian,Lola Amaria,70 min
"Denias, Senandung di Atas Awan",2006,Drama,6.8,150,Indonesian,John de Rantau,110 min
Ekspedisi Madewa,2006,,5.8,25,Indonesian,Franklin Darmadi,
Garasi,2006,Drama,6.2,69,Indonesian,Agung Sentausa,110 min
Gotcha,2006,Horror,5.1,22,Indonesian,Nayato Fio Nuala,
Gue Kapok Jatuh Cinta,2006,Comedy,4.5,11,Indonesian,Thomas Nawilis,110 min
Hantu Jeruk Purut,2006,Horror,4.7,54,Indonesian,Nayato Fio Nuala,
Heart,2006,Drama,6.6,291,Indonesian,Hanny Saputra,
Jakarta Undercover,2006,Thriller,6.2,72,Indonesian,Lance Laggong,
Jatuh Cinta Lagi,2006,Romance,5.1,11,Indonesian,Rizal Mantovani,
Jomblo,2006,Comedy,7.2,317,Indonesian,Hanung Bramantyo,
Koper,2006,Drama,5.1,15,Indonesian,Richard Oh,
Lentera Merah,2006,Drama,6,57,Indonesian,Hanung Bramantyo,
Maskot,2006,Comedy,6.6,22,Indonesian,Robin Moran,
Opera Jawa,2006,Drama,6.4,398,Indonesian,Garin Nugroho,
Pesan dari Surga,2006,Drama,5.7,34,Indonesian,Sekar Ayu Asmara,
Pocong,2006,Drama,5.6,39,Indonesian,Rudy Soedjarwo,
Pocong 2,2006,Horror,6.5,139,Indonesian,Rudy Soedjarwo,98 min
"Realita, Cinta, dan Rock n' Roll",2006,Drama,6.7,281,Indonesian,Upi Avianto,114 min
Ruang,2006,,7.1,27,Indonesian,Teddy Soeriaatmadja,
The Chanting,2006,Horror,6.1,403,Indonesian,Rizal Mantovani,
12:00 A.M.,2005,Drama,3.6,23,Indonesian,Nayato Fio Nuala,105 min
Alexandria,2005,Drama,7.3,87,Indonesian,Ody C. Harahap,110 min
Bad Wolves,2005,Action,6.9,11,Indonesian,Richard Buntario,122 min
Banyu Biru,2005,Drama,6.4,117,Indonesian,Teddy Soeriaatmadja,
Belahan Jiwa,2005,Thriller,6.5,54,Indonesian,Sekar Ayu Asmara,
Brownies,2005,,6,38,Indonesian,Hanung Bramantyo,
Catatan Akhir Sekolah,2005,Comedy,7.4,447,Indonesian,Hanung Bramantyo,109 min
Detik Terakhir,2005,,7.2,15,Indonesian,Nanang Istiabudi,
Gie,2005,Biography,7.6,840,Indonesian,Riri Riza,147 min
Issue,2005,Thriller,6.2,6,Indonesian,Gunawan Paggaru,
Janji Joni,2005,Adventure,7.6,"1,240",English,Joko Anwar,
Me vs. High Heels,2005,,5.4,16,Indonesian,Nayato Fio Nuala,118 min
Mirror,2005,Horror,6.9,71,Indonesian,Hanny Saputra,112 min
Panggil Namaku 3×,2005,Horror,5.4,21,Indonesian,Nayato Fio Nuala,97 min
Tentang Dia,2005,Drama,7.2,78,Indonesian,Rudy Soedjarwo,105 min
Ungu Violet,2005,Drama,6.4,110,Indonesian,Rako Prijanto,
Untuk Rena,2005,Drama,7.3,36,Indonesian,Riri Riza,105 min
Vina Bilang Cinta,2005,Romance,5.2,10,Indonesian,Indra Yudhistira,
Virgin,2005,Drama,5.8,63,Indonesian,Hanny Saputra,114 min
What Love Means,2005,Comedy,5.5,49,Indonesian,Sunil Soraya,
30 Hari Mencari Cinta,2004,Comedy,6,201,Indonesian,Upi Avianto,
Bangsal 13,2004,Horror,6.6,20,Indonesian,Ody C. Harahap,94 min
Impian Kemarau,2004,Drama,7.4,16,Indonesian,Ravi L. Bharwani,86 min
Kejar Amerika,2004,Adventure,5.9,39,Indonesian,David Sungkar,
Lovely Luna,2004,Drama,4.9,14,Indonesian,Lasja Fauzia,92 min
Mengejar Matahari,2004,Drama,7.1,233,Indonesian,Rudy Soedjarwo,86 min
Petualangan 100 Jam,2004,Drama,6.8,6,Indonesian,Winaldha E. Melalatoa,109 min
Rindu Kami Padamu,2004,Drama,6.9,49,Indonesian,Garin Nugroho,
Satu Kecupan,2004,Comedy,3.9,7,Indonesian,Findo Poernowo,87 min
Tak Biasa,2004,Comedy,7.2,5,Indonesian,Jose Poernomo,146 min
Arisan!,2003,Comedy,7.2,771,Indonesian,Nia Di Nata,129 min
Biarkan Bintang Menari,2003,Drama,5.9,53,Indonesian,Indra Yudhistira,112 min
Biola Tak Berdawai,2003,Drama,6.7,94,Indonesian,Sekar Ayu Asmara,
Cinta 24 Karat,2003,Comedy,3.2,13,Indonesian,Richard Buntario,
Eiffel I'm in Love,2003,Drama,6.1,470,Indonesian,Nasri Cheppy,262 min
Kiamat Sudah Dekat,2003,Comedy,7,103,Indonesian,Deddy Mizwar,116 min
Rumah Ketujuh,2003,Comedy,5,31,Indonesian,Rudy Soedjarwo,
Singa Karawang Bekasi,2003,Drama,6.1,7,Indonesian,Nurul M. Berry,
Tusuk Jelangkung,2003,Horror,6,136,Indonesian,Dimas Djayadiningrat,
Untukmu,2003,Drama,6.2,8,Indonesian,Asun Mawardi,
5 Sehat 4 Sempurna,2002,Comedy,6,27,Indonesian,Richard Buntario,
Aku Ingin Menciummu Sekali Saja,2002,Comedy,6.6,41,Indonesian,Garin Nugroho,
Andai Ia Tahu,2002,Comedy,6,45,Indonesian,Indra Yudhistira,
Arwah yang Kembali,2002,Drama,5.8,6,Indonesian,Anto Airlangga,
Bendera,2002,Family,7.1,11,Indonesian,Nan Triveni Achnas,75 min
Beth,2002,Drama,6.1,19,Indonesian,Aria Kusumadewa,84 min
Ca-bau-kan,2002,Drama,7.4,98,Indonesian,Nia Di Nata,120 min
"Eliana, Eliana",2002,Drama,6.8,132,Indonesian,Riri Riza,105 min
Kafir,2002,Horror,4.2,37,Indonesian,Mardaly Sjarif,
Titik Hitam,2002,Drama,4.7,18,Indonesian,Sentot Sahid,
What's Up with Love?,2002,Drama,7.8,"2,445",Indonesian,Rudy Soedjarwo,112 min
Jakarta Project,2001,,4.9,15,Indonesian,Indra Yudhistira,93 min
Joshua Oh Joshua,2001,Comedy,6.4,110,Indonesian,Edward Sirait,90 min
Marsinah,2001,Drama,7.5,21,Indonesian,Slamet Rahardjo,
Pasir Berbisik,2001,Drama,7.2,189,Indonesian,Nan Triveni Achnas,106 min
The Uninvited,2001,Horror,6.6,326,Indonesian,Rizal Mantovani,102 min
Tragedi,2001,Action,4.1,7,Indonesian,Rudy Soedjarwo,120 min
Viva Indonesia,2001,,7.2,8,Indonesian,Ravi L. Bharwani,90 min
Petualangan Sherina,2000,Adventure,7.8,640,Indonesian,Riri Riza,112 min
Reinkarnasi,2000,Action,6.3,6,Indonesian,Dede Yusuf,
Telegram,2000,Drama,6.1,45,Indonesian,Slamet Rahardjo,82 min
Kuldesak,1999,Action,6.8,105,Indonesian,Nan Triveni Achnas,
Fatahillah,1998,Action,7.3,12,Indonesian,Imam Tantowi,
Leaf on a Pillow,1998,Crime,7.6,226,Indonesian,Garin Nugroho,
Tropic of Emerald,1997,War,6.9,116,Japanese,Orlow Seunke,
Bergairah di Puncak,1996,Drama,4.6,17,Indonesian,,
Bisikan Nafsu,1996,Horror,6.6,15,Indonesian,Steady Rimba,51 min
Cinta dan Nafsu,1996,Drama,5.7,10,Indonesian,Emil G. Hampp,
Hukuman Zinah,1996,Horror,6.8,17,Indonesian,Emil G. Hampp,60 min
Lampiasan nafsu,1996,Drama,7,5,Indonesian,Emil G. Hampp,78 min
Selingkuh,1996,Drama,6.4,7,Indonesian,Emil G. Hampp,71 min
Bulan Tertusuk Ilalang,1995,Drama,7.4,42,Indonesian,Garin Nugroho,125 min
Gairah Malam 2,1995,Drama,5.8,13,Indonesian,Steady Rimba,73 min
Permainan Binal,1995,Drama,8,11,Indonesian,Yonky Souhoka,100 min
Ruby Fruit,1995,Fantasy,6.3,6,Indonesian,Takumi Kimizuka,95 min
Without Mercy,1995,Action,5.1,88,English,Robert Chappell,90 min
Catatan Harian Tante Sonya,1994,Drama,5.4,5,Indonesian,Abrar Siregar,
Dewi Angin Angin,1994,Fantasy,4.8,13,Indonesian,Ackyl Anwari,
Gaun Merah,1994,Horror,6.2,6,Indonesian,H. Tjut Djalil,84 min
Godaan Cinta,1994,Drama,6.6,5,Indonesian,Atok Suharto,60 min
Kenikmatan Tabu,1994,Drama,2.4,5,Indonesian,Ackyl Anwari,
Pencet Sana Pencet Sini,1994,Comedy,6.5,25,Indonesian,Arizal,83 min
Ranjang yang Ternoda,1994,Drama,5.6,14,Indonesian,Norman Benny,
Saya Duluan Dong,1994,,5.9,18,Indonesian,Arizal,83 min
Setetes Noda Manis,1994,Drama,7.5,8,Indonesian,Maman Firmansyah,
Si Kabayan Mencari Jodoh,1994,Comedy,4.7,6,Indonesian,Maman Firmansyah,85 min
Surat Untuk Bidadari,1994,Drama,6.8,40,Indonesian,Garin Nugroho,118 min
Wanita Dalam Gairah,1994,Crime,6.6,10,Indonesian,H. Tjut Djalil,68 min
Badut-Badut Kota,1993,Comedy,7.9,7,Indonesian,Ucik Supra,
Gairah Malam,1993,Drama,5.1,14,Indonesian,,60 min
Mumpung Ada Kesempatan,1993,,5,5,Indonesian,Arizal,85 min
Oeroeg,1993,Drama,6.7,372,Dutch,Hans Hylkema,
Rage and Honor II,1993,Action,5.4,397,English,Guy Norris,98 min
Susuk Nyi Roro Kidul,1993,Fantasy,5,8,Indonesian,Azwar An,
Angel of Fury,1992,Action,4.2,253,Indonesian,Ackyl Anwari,
Bibir Mer,1992,Comedy,7.2,9,Indonesian,Arifin C. Noer,
Cinta Dalam Sepotong Roti,1992,Drama,6.7,43,Indonesian,Garin Nugroho,
Kembalinya Si Janda Kembang,1992,Horror,5.6,7,Indonesian,Sisworo Gautama Putra,92 min
Lady Dragon,1992,Action,5.2,470,English,David Worth,97 min
Masuk Kena Keluar Kena,1992,Comedy,6.8,35,Indonesian,Arizal,88 min
Olga dan Sepatu Roda,1992,Comedy,7.1,9,Indonesian,Achiel Nasrun,90 min
Salah Masuk,1992,Comedy,6.7,24,Indonesian,Arizal,88 min
Skandal Iblis,1992,Horror,6.6,9,Indonesian,H. Tjut Djalil,86 min
Ajian Ratu Laut Kidul,1991,Drama,6.2,15,Indonesian,Sisworo Gautama Putra,
Bisa Naik Bisa Turun,1991,Comedy,7.3,27,Indonesian,Arizal,
Catatan Si Boy 5,1991,Drama,6.2,13,Indonesian,Nasri Cheppy,88 min
Double Crosser,1991,Action,6.8,31,Indonesian,Arizal,85 min
Gadis Metropolis,1991,Drama,7.6,9,Indonesian,Bobby Sandy,
Makhluk dari Kubur,1991,Horror,5.8,10,Indonesian,S.A. Karim,72 min
Misteri Janda Kembang,1991,Horror,4.9,9,Indonesian,H. Tjut Djalil,86 min
Nada dan Dakwah,1991,Drama,5,7,Indonesian,Chaerul Umam,
Perjanjian di Malam Keramat,1991,Horror,5.6,21,Indonesian,Sisworo Gautama Putra,82 min
Pesta,1991,Drama,6.2,8,Indonesian,Edward Sirait,86 min
Saur Sepuh 4: Titisan Darah Biru,1991,,7.7,6,Indonesian,Imam Tantowi,82 min
Si Kabayan dan Anak Jin,1991,Comedy,7.9,7,Indonesian,Henky Solaiman,
Sudah Pasti Tahan,1991,Comedy,6.7,16,Indonesian,Arizal,88 min
Taksi,1991,Drama,7.2,29,Indonesian,Arifin C. Noer,
Taksi 2,1991,Drama,5.4,9,Indonesian,Ismail Soebardjo,105 min
Antri Dong,1990,,3.8,6,Indonesian,Arizal,86 min
Blok M,1990,Drama,7.4,10,Indonesian,Edward Sirait,83 min
Catatan Si Boy 3,1990,Drama,6.2,20,Indonesian,Nasri Cheppy,
Forgotten Rules,1990,Comedy,7.3,24,Indonesian,H. Tjut Djalil,
Guntur tengah malam,1990,Horror,5.4,5,Indonesian,A. Rachman,81 min
Jaka Swara,1990,Action,7.4,7,Indonesian,Liliek Sudjio,
Langitku Rumahku,1990,Drama,7.5,31,Indonesian,Slamet Rahardjo,
Mana Bisa Tahan,1990,Comedy,6.7,19,Indonesian,Arizal,85 min
Misteri dari Gunung Merapi,1990,Action,5.6,10,Indonesian,Liliek Sudjio,
Saur Sepuh 3: Kembang Gunung Lawu,1990,,8.2,6,Indonesian,Imam Tantowi,95 min
Soerabaja '45,1990,Drama,8.7,15,Indonesian,Imam Tantowi,
Titisan Dewi Ular,1990,Comedy,5.5,13,Indonesian,Sisworo Gautama Putra,
American Hunter,1989,Action,6.5,123,Indonesian,Arizal,92 min
Istana Kecantikan,1989,Drama,5.9,9,Indonesian,Wahyu Sihombing,90 min
Joe Turun ke Desa,1989,Adventure,5.8,5,Indonesian,Chaerul Umam,94 min
Lebih Asyik Sama Kamu,1989,Comedy,4.6,8,Indonesian,Arizal,
Lupus III,1989,,6.7,7,Indonesian,Edi Siswanto,
Musnahkan Ilmu Santet,1989,Horror,3.8,6,Indonesian,Maman Firmansyah,74 min
Pacar Ketinggalan Kereta,1989,Drama,7.5,11,Indonesian,Teguh Karya,139 min
Pembalasan Ratu Pantai Selatan,1989,Action,5.6,"1,483",Indonesian,H. Tjut Djalil,
Sabar Dulu Dong...!,1989,Comedy,7.1,22,Indonesian,Ida Farida,81 min
Saur Sepuh 2: Pesanggrahan Keramat,1989,Action,7.9,8,Indonesian,Imam Tantowi,
Tarzan Raja Rimba,1989,Adventure,6,7,Indonesian,Ackyl Anwari,
Wanita Harimau,1989,Horror,4.6,12,Indonesian,Sisworo Gautama Putra,
Arini II,1988,,7.1,7,Indonesian,Wim Umboh,
Catatan Si Boy 2,1988,Drama,6.9,27,Indonesian,Nasri Cheppy,
Diamond Run,1988,Action,4.3,20,English,Robert Chappell,
Elegi Buat Nana,1988,Drama,6.3,6,Indonesian,Achiel Nasrun,97 min
Irisan-Irisan Hati,1988,Drama,6.9,8,Indonesian,Djun Saptohadi,106 min
Jakarta,1988,Action,4.7,123,English,Charles Kaufman,
Jodoh Boleh Diatur,1988,Comedy,7,19,Indonesian,Ami Priyono,
Lukisan Berlumur Darah,1988,Horror,5,5,Indonesian,Torro Margens,86 min
Perawan Rimba,1988,Action,4.4,89,Indonesian,Danu Umbara,93 min
Permainan Dibalik Tirai,1988,Adventure,4.3,9,Indonesian,Maman Firmansyah,
Santet,1988,Horror,5.1,18,Indonesian,Sisworo Gautama Putra,
Saur Sepuh: Satria Madangkara,1988,Action,7.5,26,Indonesian,Imam Tantowi,
The White Alligator,1988,Horror,6.2,27,Indonesian,H. Tjut Djalil,95 min
Tjoet Nja' Dhien,1988,Drama,7.4,150,Indonesian,Eros Djarot,
Arini,1987,Drama,8.5,12,Indonesian,Sophan Sophiaan,
Barang Terlarang,1987,Crime,4,46,Indonesian,Maman Firmansyah,87 min
Catatan Si Boy,1987,Drama,7.1,49,Indonesian,Nasri Cheppy,
Cintaku di Rumah Susun,1987,Comedy,8,23,Indonesian,Nya Abbas Akup,
Depan Bisa Belakang Bisa,1987,Comedy,6.7,30,Indonesian,H. Tjut Djalil,
Johny Indo,1987,Biography,7.6,5,Indonesian,Jimmy Atmaja,131 min
Kelabang Seribu,1987,Action,4.8,5,Indonesian,Imam Tantowi,95 min
Kerikil-Kerikil Tajam,1987,Drama,7.4,9,Indonesian,Sjuman Djaya,
Lupus,1987,,8.2,11,Indonesian,Achiel Nasrun,
Maidens Revenge,1987,Action,5.2,241,Indonesian,Ackyl Anwari,
Menumpas Teroris,1987,Action,5.4,16,Indonesian,Imam Tantowi,90 min
Nada-Nada Rindu,1987,Drama,5.6,7,Indonesian,Muchlis Raya,122 min
Naga Bonar,1987,Comedy,7.1,198,Indonesian,M.T. Risyaf,
Pernikahan Berdarah,1987,Action,4.7,6,Malay,Torro Margens,90 min
Samson and Delilah,1987,Adventure,4.5,65,Indonesian,Sisworo Gautama Putra,
Si Buta dari Gua Hantu: Neraka Perut Bumi,1987,Action,5.8,54,Indonesian,Ratno Timoer,90 min
Tujuh Manusia Harimau,1987,Horror,6.4,19,Indonesian,Imam Tantowi,90 min
Batas Impian Ranjang Setan,1986,Horror,4.2,41,Indonesian,H. Tjut Djalil,83 min
Biarkan Bulan Itu,1986,,5.8,5,Indonesian,Arifin C. Noer,
Bintang Kejora,1986,Comedy,7.9,7,Indonesian,Chaerul Umam,88 min
Final Score,1986,Action,7,160,Indonesian,Arizal,88 min
Ibunda,1986,Drama,7,20,Indonesian,Teguh Karya,
Kejarlah Daku Kau Kutangkap,1986,Comedy,7.8,51,Indonesian,Chaerul Umam,
Keluarga Markum,1986,,8,5,Indonesian,Chaerul Umam,93 min
Malam Jumat Kliwon,1986,Horror,8.2,15,Indonesian,Sisworo Gautama Putra,88 min
Opera Jakarta,1986,,7,6,Indonesian,Sjuman Djaya,181 min
Pembalasan Rambu,1986,Action,5.7,220,Indonesian,Jopi Burnama,88 min
Petualangan Cinta Nyi Blorong,1986,Fantasy,5.9,37,Indonesian,Sisworo Gautama Putra,84 min
Sama Juga Bohong,1986,Drama,7.6,25,Indonesian,Chaerul Umam,98 min
Sentuhan Rumput yang Bergoyang,1986,Comedy,8.2,5,Indonesian,Willy Wilianto,90 min
Usia Dalam Gejolak,1986,Drama,8.1,15,Indonesian,Sisworo Gautama Putra,90 min
Bangunnya Nyi Roro Kidul,1985,Horror,4.4,5,Indonesian,Sisworo Gautama Putra,100 min
Carok,1985,Action,6.8,6,Indonesian,Imam Tantowi,92 min
Darah perjaka,1985,,5.2,5,Indonesian,Ackyl Anwari,109 min
Doea Tanda Mata,1985,Drama,7.2,12,Indonesian,Teguh Karya,
Gantian Dong,1985,Comedy,6.6,34,Indonesian,Arizal,
Hell Raiders,1985,Action,6.4,22,Indonesian,Gope T. Samtani,
Jaka Sembung & Bergola Ijo,1985,Action,5.8,43,Indonesian,H. Tjut Djalil,
Kembang Kertas,1985,Drama,7.7,6,Indonesian,Slamet Rahardjo,100 min
Kesempatan Dalam Kesempitan,1985,,6.8,31,Indonesian,Arizal,92 min
Komando Samber Nyawa,1985,Action,4.7,17,Indonesian,E.G. Bakker,95 min
Merpati Tak Pernah Ingkar Janji,1985,Drama,7.2,6,Indonesian,Wim Umboh,
Putri Duyung,1985,,6.3,6,Indonesian,Atok Suharto,
Ratu Sakti Calon Arang,1985,Action,6.1,22,Indonesian,Sisworo Gautama Putra,
Secangkir Kopi Pahit,1985,Drama,6.6,20,Indonesian,Teguh Karya,
Si Buta dari Gua Hantu,1985,,5.8,12,Indonesian,Ratno Timoer,
Sunan Kalijaga & Syech Siti Jenar,1985,Action,6.6,14,Indonesian,Ackyl Anwari,
Di Luar Batas,1984,Drama,4.3,7,Indonesian,Jopi Burnama,87 min
Golok Setan,1984,Adventure,5.7,400,Indonesian,Ratno Timoer,
Itu Bisa Diatur,1984,Comedy,7.9,36,Indonesian,Arizal,88 min
Pengkhianatan G30S/PKI,1984,Drama,5.8,179,Indonesian,Arifin C. Noer,
Ponirah Terpidana,1984,Drama,6.9,8,Indonesian,Slamet Rahardjo,105 min
Raden Ajeng Kartini,1984,Drama,7.3,10,Indonesian,Sjuman Djaya,
Revenge of the Ninja,1984,Action,5.4,47,Indonesian,Ratno Timoer,
Satria Bergitar,1984,Action,6.6,14,Indonesian,Nurhadie Irawan,
Sunan Kalijaga,1984,Action,5.9,16,Indonesian,Sofyan Sharna,
Tahu Diri Dong,1984,Comedy,7.1,36,Indonesian,Arizal,89 min
Telaga Angker,1984,Horror,7.2,14,Indonesian,Sisworo Gautama Putra,99 min
Bergola Ijo,1983,Comedy,7.3,9,Indonesian,Arizal,97 min
Budak Nafsu,1983,Thriller,7.3,15,Indonesian,Sjuman Djaya,
Cinta Segi Tiga,1983,Drama,5.8,6,Indonesian,Yung Indrajaya,
Di Balik Kelambu,1983,Drama,7.7,15,Indonesian,Teguh Karya,
Escape from Hellhole,1983,Action,4.4,91,Indonesian,Maman Firmansyah,100 min
Kamp Tawanan Wanita,1983,Action,5.1,32,Indonesian,Jopi Burnama,96 min
Ken Arok - Ken Dedes,1983,,7.9,13,Indonesian,Djun Saptohadi,
Lebak Membara,1983,Action,6,12,Indonesian,Imam Tantowi,
Maju Kena Mundur Kena,1983,Comedy,7.8,65,Indonesian,Arizal,
Membakar Matahari,1983,Action,5.6,10,Indonesian,Arizal,90 min
Midah Perawan Buronan,1983,,5.3,6,Indonesian,Fritz G. Schadt,
Nyi Ageng Ratu Pemikat,1983,Fantasy,7,8,Indonesian,Sisworo Gautama Putra,83 min
Pasukan Berani Mati,1983,Action,6.2,17,Indonesian,Imam Tantowi,100 min
Perhitungan terakhir,1983,Action,7.2,5,Indonesian,Danu Umbara,92 min
Perkawinan Nyi Blorong,1983,Fantasy,5.4,10,Indonesian,Sisworo Gautama Putra,
Pokoknya Beres,1983,Comedy,7.6,40,Indonesian,Arizal,
The Warrior and the Blind Swordsman,1983,Action,5.3,48,Indonesian,Worod Suma,90 min
Aladin dan Lampu Wasiat,1982,Action,5.6,13,Indonesian,Sisworo Gautama Putra,
Bayi Ajaib,1982,Horror,6.3,26,Indonesian,Tindra Rengat,94 min
Cara Hebat Ikut Penanggulangan Masalah Sosial,1982,Comedy,7,9,Indonesian,Iksan Lahardi,90 min
Dongkrak Antik,1982,Comedy,7.8,68,Indonesian,Arizal,90 min
Ferocious Female Freedom Fighters,1982,Action,5,210,Indonesian,Jopi Burnama,74 min
"Ferocious Female Freedom Fighters, Part 2",1982,Action,6.4,16,Indonesian,Arizal,90 min
Gadis Bionik,1982,Action,6.4,7,Indonesian,Ali Shahab,
Hukum Karma,1982,,4.3,12,Indonesian,Jimmy Atmaja,87 min
Nyi Blorong,1982,Fantasy,6.5,44,Indonesian,Sisworo Gautama Putra,
Pengabdi Setan,1982,Horror,5.6,378,Indonesian,Sisworo Gautama Putra,96 min
Roro Mendut,1982,Drama,7.1,15,Indonesian,Ami Priyono,
Sangkuriang,1982,Fantasy,5.9,13,Indonesian,Sisworo Gautama Putra,
"Seputih Hatinya, Semerah Bibirnya",1982,Drama,7.7,6,Indonesian,Slamet Rahardjo,
Special Silencers,1982,Action,6,72,Indonesian,Arizal,86 min
Sundelbolong,1982,Drama,6.2,49,Indonesian,Sisworo Gautama Putra,102 min
Tangkuban Perahu,1982,,5.5,6,Indonesian,Liliek Sudjio,
Titian Serambut Dibelah Tujuh,1982,Drama,8.2,27,Indonesian,Chaerul Umam,110 min
Cewek Jagoan Beraksi Kembali,1981,Action,6.9,7,Indonesian,Danu Umbara,
Dr. Karmila,1981,Drama,6.3,6,Indonesian,Nico Pelamonia,
Dukun lintah,1981,Horror,4.4,7,Indonesian,Ackyl Anwari,97 min
Gundala Putra Petir,1981,Action,5.6,69,Indonesian,Liliek Sudjio,
Jaka Sembung,1981,Action,6.3,203,Indonesian,Sisworo Gautama Putra,92 min
Manusia Enam Juta Dollar,1981,,7.6,59,Indonesian,Ali Shahab,
Mystics in Bali,1981,Fantasy,5.7,"1,040",Indonesian,H. Tjut Djalil,
Ratu Ilmu Hitam,1981,Horror,6,226,English,Liliek Sudjio,
Serangan Fajar,1981,Drama,7.8,19,Indonesian,Arifin C. Noer,
Srigala,1981,Horror,4.6,28,Indonesian,Sisworo Gautama Putra,
Steel-Fisted Dragon,1981,Action,5.3,24,Indonesian,Iksan Lahardi,78 min
Five Deadly Angels,1980,Action,5.1,21,English,Danu Umbara,95 min
Melodi Cinta Rhoma Irama,1980,Drama,6.7,6,Indonesian,Muchlis Raya,127 min
Perempuan dalam Pasungan,1980,Drama,5.9,15,Indonesian,Ismail Soebardjo,95 min
Pintar Pintar Bodoh,1980,Comedy,7.7,42,Indonesian,Arizal,89 min
Rayuan Gombal,1980,Comedy,5.9,8,Indonesian,Arizal,88 min
Roman Picisan,1980,Drama,8.3,7,Indonesian,Adisoerya Abdi,
Savage Terror,1980,Adventure,2.9,298,Indonesian,Sisworo Gautama Putra,90 min
Senyummu Adalah Tangisku,1980,,8.2,5,Indonesian,Dasri Jacob,
Usia 18,1980,Drama,7,14,Indonesian,Teguh Karya,
Gita Cinta dari SMA,1979,Romance,8,24,Indonesian,Arizal,
Janur Kuning,1979,Drama,7.6,27,Indonesian,Alam Rengga Surawidjaja,
Kabut Sutra Ungu,1979,Drama,7.6,12,Indonesian,Sjuman Djaya,127 min
Karate Sabuk Hitam,1979,Action,6.7,24,Indonesian,Wisjnu Mouradhy,
November 1828,1979,Drama,7.2,29,Indonesian,Teguh Karya,140 min
Puspa Indah Taman Hati,1979,,7.6,9,Indonesian,Arizal,
"Si Boneka Kayu, Pinokio",1979,Comedy,5.8,6,Indonesian,Willy Wilianto,93 min
Tuyul,1979,Horror,5.4,9,Indonesian,Bay Isbahi,
Godaan Siluman Perempuan,1978,Horror,6.4,7,Indonesian,Ackyl Anwari,
Kera Sakti,1978,Action,5.9,16,Indonesian,Kuan Tai Chen,
Mat Peci,1978,Comedy,8.5,6,Indonesian,Willy Wilianto,88 min
Two in Black Belt,1978,Action,5.8,26,Mandarin,Sum Cheung,83 min
Badai Pasti Berlalu,1977,Drama,7.7,39,Indonesian,Teguh Karya,
Krakatau,1977,Action,4.7,7,Indonesian,Sandy Suwardi Hasan,
Pembalasan Si Pitung,1977,,7.2,6,Indonesian,Nawi Ismail,95 min
Suci Sang Primadona,1977,Drama,8.4,5,Indonesian,Arifin C. Noer,
Inem Pelayan Sexy,1976,Comedy,6.7,6,Indonesian,Nya Abbas Akup,98 min
Si Doel Anak Modern,1976,Comedy,6.4,18,Indonesian,Sjuman Djaya,
Si Pitung Beraksi Kembali,1976,Action,7.1,15,Indonesian,Nawi Ismail,100 min
Si Pitung,1975,Action,6.8,11,Indonesian,Nawi Ismail,95 min
Ateng Minta Kawin,1974,Comedy,6.8,9,Indonesian,Nya Abbas Akup,111 min
Atheis,1974,Drama,6.5,12,Indonesian,Sjuman Djaya,145 min
Tarsan Kota,1974,Adventure,7.2,16,Indonesian,Liliek Sudjio,
Akhir Sebuah Impian,1973,Drama,5.8,5,Indonesian,Turino Junaidy,110 min
Cinta Pertama,1973,Romance,7.4,9,Indonesian,Teguh Karya,110 min
Si Mamad,1973,Comedy,7,20,Indonesian,Sjuman Djaya,111 min
Si Manis Jembatan Ancol,1973,Horror,5.2,8,Indonesian,Turino Junaidy,95 min
The Ghostly Face,1973,Action,5.6,43,Indonesian,Sai King Yang,
Beranak dalam Kubur,1972,Horror,5.9,28,Indonesian,Awaludin,
Intan Berduri,1972,Drama,8.4,10,Indonesian,Turino Junaidy,104 min
Intan Perawan Kubu,1972,Adventure,7.4,7,Indonesian,,
Si Doel Anak Betawi,1972,Drama,7.7,20,Indonesian,Sjuman Djaya,
Wajah Seorang Laki-Laki,1972,Drama,6.2,6,Indonesian,Teguh Karya,110 min
Malin Kundang,1971,,7.1,7,Indonesian,D. Djajakusuma,
Bernapas dalam Lumpur,1970,Drama,7.6,9,Indonesian,Turino Junaidy,117 min
Badai Selatan,1962,Drama,6.3,6,Indonesian,Sofia W.D.,92 min
Operation Kalimantan,1962,Action,5.8,8,Indonesian,Vladimír Sís,
Pedjuang,1961,War,6.2,6,Indonesian,Usmar Ismail,152 min
Asrama Dara,1958,Drama,7.8,24,Indonesian,Usmar Ismail,119 min
Tiga Dara,1956,Comedy,7.4,154,Indonesian,Usmar Ismail,115 min
Tamu Agung,1955,Comedy,5,7,Indonesian,Usmar Ismail,107 min
Lewat Djam Malam,1954,Drama,7.5,94,Indonesian,Usmar Ismail,101 min
The Tiger from Tjampa,1953,Drama,6.4,30,Indonesian,D. Djajakusuma,97 min
Enam Djam di Djogja,1951,Drama,6.3,9,Indonesian,Usmar Ismail,116 min
Darah dan Doa,1950,Drama,6.6,27,Indonesian,Usmar Ismail,150 min
Resia Boroboedoer,1928,Adventure,7,8,Indonesian,,
Loetoeng Kasaroeng,1926,Fantasy,7.2,11,Indonesian,L. Heuveldorp,60 min
